year,country,happiness_rank,happiness_score,gdp_per_capita,family,life_expectancy,freedom,generosity,government_corr,social_support
2015,Switzerland,1,7.587000000000001,1.3965100000000001,1.34951,0.9414299999999999,0.66557,0.29678000000000004,0.41978000000000004,
2015,Iceland,2,7.561,1.3023200000000001,1.4022299999999999,0.94784,0.6287699999999999,0.4363,0.14145,
2015,Denmark,3,7.527,1.32548,1.36058,0.87464,0.6493800000000001,0.34139,0.48357,
2015,Norway,4,7.522,1.459,1.33095,0.88521,0.66973,0.34699,0.36503,
2015,Canada,5,7.4270000000000005,1.32629,1.32261,0.9056299999999999,0.63297,0.45811,0.32957,
2015,Finland,6,7.406000000000001,1.29025,1.31826,0.8891100000000001,0.64169,0.23351,0.41372,
2015,Netherlands,7,7.377999999999999,1.32944,1.28017,0.89284,0.6157600000000001,0.4761,0.31814000000000003,
2015,Sweden,8,7.364,1.33171,1.2890700000000002,0.9108700000000001,0.6598,0.36262,0.43843999999999994,
2015,New Zealand,9,7.2860000000000005,1.2501799999999998,1.3196700000000001,0.9083700000000001,0.6393800000000001,0.47501000000000004,0.42922,
2015,Australia,10,7.284,1.33358,1.30923,0.93156,0.6512399999999999,0.43562,0.35636999999999996,
2015,Israel,11,7.278,1.2285700000000002,1.22393,0.9138700000000001,0.41318999999999995,0.33171999999999996,0.07785,
2015,Costa Rica,12,7.226,0.95578,1.2378799999999999,0.8602700000000001,0.63376,0.25497,0.10583,
2015,Austria,13,7.2,1.33723,1.29704,0.8904200000000001,0.62433,0.33088,0.18675999999999998,
2015,Mexico,14,7.187,1.02054,0.91451,0.8144399999999999,0.48181,0.14074,0.21311999999999998,
2015,United States,15,7.119,1.3945100000000001,1.24711,0.86179,0.54604,0.40105,0.1589,
2015,Brazil,16,6.983,0.98124,1.2328700000000001,0.69702,0.49049,0.14574,0.17521,
2015,Luxembourg,17,6.946000000000001,1.5639100000000001,1.21963,0.91894,0.61583,0.28034000000000003,0.37798000000000004,
2015,Ireland,18,6.94,1.33596,1.36948,0.89533,0.6177699999999999,0.45901000000000003,0.28703,
2015,Belgium,19,6.937,1.30782,1.28566,0.8966700000000001,0.5845,0.2225,0.2254,
2015,United Arab Emirates,20,6.901,1.42727,1.12575,0.80925,0.64157,0.26428,0.38583,
2015,United Kingdom,21,6.867000000000001,1.26637,1.28548,0.90943,0.59625,0.51912,0.32066999999999996,
2015,Oman,22,6.853,1.36011,1.08182,0.76276,0.63274,0.21541999999999997,0.32524000000000003,
2015,Venezuela,23,6.81,1.04424,1.25596,0.7205199999999999,0.42908,0.058410000000000004,0.11069000000000001,
2015,Singapore,24,6.797999999999999,1.52186,1.02,1.02525,0.54252,0.31105,0.4921,
2015,Panama,25,6.7860000000000005,1.0635299999999999,1.1985,0.79661,0.5421,0.24434,0.0927,
2015,Germany,26,6.75,1.32792,1.2993700000000001,0.89186,0.6147699999999999,0.28214,0.21843,
2015,Chile,27,6.67,1.10715,1.12447,0.85857,0.44132,0.33363000000000004,0.12869,
2015,Qatar,28,6.611000000000001,1.69042,1.0786,0.79733,0.6404,0.32573,0.52208,
2015,France,29,6.575,1.27778,1.2603799999999998,0.9457899999999999,0.55011,0.12332,0.20646,
2015,Argentina,30,6.574,1.05351,1.24823,0.78723,0.44974,0.11450999999999999,0.08484,
2015,Czech Republic,31,6.505,1.17898,1.20643,0.84483,0.46363999999999994,0.10686,0.02652,
2015,Uruguay,32,6.485,1.06166,1.2089,0.8116,0.6036199999999999,0.2324,0.24558000000000002,
2015,Colombia,33,6.477,0.91861,1.2401799999999998,0.69077,0.53466,0.18400999999999998,0.0512,
2015,Thailand,34,6.455,0.9669,1.26504,0.7385,0.5566399999999999,0.5763,0.031869999999999996,
2015,Saudi Arabia,35,6.4110000000000005,1.39541,1.0839299999999998,0.72025,0.31048000000000003,0.13706,0.32524000000000003,
2015,Spain,36,6.329,1.23011,1.31379,0.95562,0.45951000000000003,0.18227000000000002,0.06398,
2015,Malta,37,6.3020000000000005,1.2074,1.30203,0.88721,0.60365,0.51752,0.13585999999999998,
2015,Taiwan,38,6.297999999999999,1.29098,1.07617,0.8753,0.3974,0.25376,0.08129,
2015,Kuwait,39,6.295,1.5542200000000002,1.16594,0.72492,0.55499,0.16228,0.25609,
2015,Suriname,40,6.269,0.99534,0.972,0.6082,0.5965699999999999,0.16990999999999998,0.13633,
2015,Trinidad and Tobago,41,6.167999999999999,1.21183,1.18354,0.61483,0.55884,0.31844,0.0114,
2015,El Salvador,42,6.13,0.76454,1.0250700000000001,0.67737,0.4035,0.10692,0.11775999999999999,
2015,Guatemala,43,6.122999999999999,0.74553,1.04356,0.64425,0.57733,0.27489,0.09472,
2015,Uzbekistan,44,6.002999999999999,0.63244,1.34043,0.59772,0.6582100000000001,0.22837,0.30826,
2015,Slovakia,45,5.995,1.1689100000000001,1.26999,0.7890199999999999,0.31751,0.16893,0.03431,
2015,Japan,46,5.987,1.27074,1.25712,0.99111,0.49615,0.10705,0.1806,
2015,South Korea,47,5.984,1.24461,0.9577399999999999,0.9653799999999999,0.33208000000000004,0.18557,0.07857,
2015,Ecuador,48,5.975,0.8640200000000001,0.99903,0.79075,0.48573999999999995,0.11540999999999998,0.1809,
2015,Bahrain,49,5.96,1.32376,1.21624,0.74716,0.45492,0.17362,0.306,
2015,Italy,50,5.9479999999999995,1.25114,1.19777,0.9544600000000001,0.26236,0.22823000000000002,0.02901,
2015,Bolivia,51,5.89,0.68133,0.97841,0.5392,0.57414,0.20536,0.08800000000000001,
2015,Moldova,52,5.888999999999999,0.59448,1.01528,0.61826,0.32818,0.20951,0.01615,
2015,Paraguay,53,5.877999999999999,0.75985,1.30477,0.66098,0.53899,0.3424,0.08242000000000001,
2015,Kazakhstan,54,5.855,1.1225399999999999,1.1224100000000001,0.64368,0.51649,0.11827,0.08454,
2015,Slovenia,55,5.848,1.18498,1.27385,0.8733700000000001,0.60855,0.25328,0.03787,
2015,Lithuania,56,5.832999999999999,1.14723,1.25745,0.73128,0.21341999999999997,0.026410000000000003,0.01031,
2015,Nicaragua,57,5.827999999999999,0.59325,1.14184,0.7431399999999999,0.55475,0.27815,0.19317,
2015,Peru,58,5.824,0.9001899999999999,0.97459,0.73017,0.41496000000000005,0.14982,0.05989,
2015,Belarus,59,5.813,1.0319200000000002,1.23289,0.7360800000000001,0.37938,0.11045999999999999,0.1909,
2015,Poland,60,5.791,1.12555,1.27948,0.77903,0.53122,0.16759000000000002,0.04212,
2015,Malaysia,61,5.77,1.12486,1.07023,0.7239399999999999,0.5302399999999999,0.33075,0.10500999999999999,
2015,Croatia,62,5.7589999999999995,1.08254,0.79624,0.78805,0.25883,0.054439999999999995,0.0243,
2015,Libya,63,5.754,1.13145,1.1186200000000002,0.7038,0.41668,0.18295,0.11023,
2015,Russia,64,5.716,1.13764,1.23617,0.6692600000000001,0.36679,0.00199,0.03005,
2015,Jamaica,65,5.709,0.81038,1.1510200000000002,0.6874100000000001,0.50442,0.2123,0.02299,
2015,North Cyprus,66,5.695,1.2080600000000001,1.07008,0.92356,0.49027,0.26169000000000003,0.1428,
2015,Cyprus,67,5.689,1.20813,0.89318,0.92356,0.40671999999999997,0.30638000000000004,0.06146,
2015,Algeria,68,5.605,0.93929,1.07772,0.61766,0.28579,0.07822,0.17382999999999998,
2015,Kosovo,69,5.5889999999999995,0.80148,0.81198,0.63132,0.24749000000000002,0.2831,0.04741,
2015,Turkmenistan,70,5.547999999999999,0.95847,1.22668,0.53886,0.4761,0.16979,0.30844,
2015,Mauritius,71,5.477,1.0076100000000001,0.98521,0.7095,0.56066,0.37744,0.07521,
2015,Hong Kong,72,5.474,1.38604,1.05818,1.01328,0.59608,0.39478,0.37124,
2015,Estonia,73,5.428999999999999,1.15174,1.22791,0.77361,0.44888,0.0868,0.15184,
2015,Indonesia,74,5.399,0.8282700000000001,1.0870799999999998,0.63793,0.46611,0.51535,0.0,
2015,Vietnam,75,5.36,0.63216,0.9122600000000001,0.7467600000000001,0.59444,0.1686,0.10440999999999999,
2015,Turkey,76,5.332000000000001,1.06098,0.94632,0.73172,0.22815,0.12253,0.15746,
2015,Kyrgyzstan,77,5.2860000000000005,0.47428000000000003,1.15115,0.65088,0.43477,0.3003,0.042319999999999997,
2015,Nigeria,78,5.268,0.65435,0.9043200000000001,0.16007000000000002,0.34334000000000003,0.27233,0.0403,
2015,Bhutan,79,5.252999999999999,0.77042,1.10395,0.57407,0.5320600000000001,0.47998,0.15445,
2015,Azerbaijan,80,5.212000000000001,1.02389,0.9379299999999999,0.64045,0.3703,0.07799,0.16065,
2015,Pakistan,81,5.194,0.59543,0.41411000000000003,0.51466,0.12102,0.33671,0.10464000000000001,
2015,Jordan,82,5.192,0.9019799999999999,1.05392,0.69639,0.40660999999999997,0.11052999999999999,0.14293,
2015,Montenegro,82,5.192,0.9743799999999999,0.9055700000000001,0.72521,0.1826,0.1614,0.14296,
2015,China,84,5.14,0.89012,0.94675,0.81658,0.5169699999999999,0.08185,0.02781,
2015,Zambia,85,5.129,0.47038,0.91612,0.29924,0.48827,0.19591,0.12468,
2015,Romania,86,5.124,1.04345,0.8858799999999999,0.7689,0.35068,0.13748,0.006490000000000001,
2015,Serbia,87,5.122999999999999,0.92053,1.0096399999999999,0.74836,0.20107,0.19230999999999998,0.02617,
2015,Portugal,88,5.102,1.15991,1.13935,0.8751899999999999,0.51469,0.13719,0.01078,
2015,Latvia,89,5.098,1.11312,1.09562,0.72437,0.29671,0.18225999999999998,0.06332,
2015,Philippines,90,5.073,0.70532,1.03516,0.58114,0.62545,0.24991,0.12279000000000001,
2015,Somaliland region,91,5.0569999999999995,0.18847,0.95152,0.43873,0.46581999999999996,0.5031800000000001,0.39928,
2015,Morocco,92,5.013,0.7347899999999999,0.64095,0.60954,0.41691000000000006,0.07172,0.08546000000000001,
2015,Macedonia,93,5.007,0.91851,1.00232,0.73545,0.33457,0.22359,0.053270000000000005,
2015,Mozambique,94,4.971,0.08308,1.02626,0.09131,0.34037,0.22269,0.15603,
2015,Albania,95,4.959,0.8786700000000001,0.8043399999999999,0.81325,0.35733000000000004,0.14272,0.06412999999999999,
2015,Bosnia and Herzegovina,96,4.949,0.8322299999999999,0.9191600000000001,0.79081,0.09245,0.24808000000000002,0.00227,
2015,Lesotho,97,4.898,0.37545,1.04103,0.07612000000000001,0.31767,0.16388,0.12504,
2015,Dominican Republic,98,4.885,0.8953700000000001,1.17202,0.66825,0.57672,0.21684,0.14234000000000002,
2015,Laos,99,4.876,0.5906600000000001,0.73803,0.54909,0.59591,0.42191999999999996,0.24249,
2015,Mongolia,100,4.874,0.82819,1.3006,0.60268,0.43626000000000004,0.3323,0.026660000000000003,
2015,Swaziland,101,4.867,0.71206,1.07284,0.07566,0.30658,0.18259,0.0306,
2015,Greece,102,4.857,1.15406,0.9293299999999999,0.88213,0.07699,0.0,0.013969999999999998,
2015,Lebanon,103,4.8389999999999995,1.0256399999999999,0.80001,0.83947,0.33916,0.21854,0.04582,
2015,Hungary,104,4.8,1.12094,1.20215,0.75905,0.32111999999999996,0.128,0.02758,
2015,Honduras,105,4.788,0.59532,0.9534799999999999,0.6951,0.40148,0.23026999999999997,0.06825,
2015,Tajikistan,106,4.7860000000000005,0.39047,0.8556299999999999,0.5737899999999999,0.47216,0.22974,0.15072,
2015,Tunisia,107,4.739,0.88113,0.60429,0.73793,0.26268,0.06431,0.06358,
2015,Palestinian Territories,108,4.715,0.59867,0.92558,0.66015,0.24499,0.11250999999999999,0.12905,
2015,Bangladesh,109,4.694,0.39753,0.43106000000000005,0.60164,0.4082,0.21222,0.12569,
2015,Iran,110,4.686,1.0088,0.54447,0.69805,0.30033000000000004,0.38086,0.058629999999999995,
2015,Ukraine,111,4.681,0.79907,1.20278,0.6739,0.25123,0.15275,0.02961,
2015,Iraq,112,4.677,0.98549,0.81889,0.60237,0.0,0.17922000000000002,0.13788,
2015,South Africa,113,4.6419999999999995,0.9204899999999999,1.18468,0.27688,0.33207,0.11972999999999999,0.08884,
2015,Ghana,114,4.633,0.5455800000000001,0.6795399999999999,0.40131999999999995,0.42341999999999996,0.23087,0.04355,
2015,Zimbabwe,115,4.61,0.271,1.0327600000000001,0.33475,0.25861,0.18987,0.08079,
2015,Liberia,116,4.571000000000001,0.0712,0.78968,0.34201,0.28531,0.24361999999999998,0.06232000000000001,
2015,India,117,4.565,0.64499,0.38174,0.5152899999999999,0.39786,0.26475,0.08492000000000001,
2015,Sudan,118,4.55,0.52107,1.01404,0.36878,0.10081,0.19062,0.1466,
2015,Haiti,119,4.518,0.26673,0.74302,0.38847,0.24425,0.46187,0.17175,
2015,Congo (Kinshasa),120,4.5169999999999995,0.0,1.0012,0.09806000000000001,0.22605,0.24834,0.07625,
2015,Nepal,121,4.513999999999999,0.35996999999999996,0.86449,0.5687399999999999,0.38282,0.32295999999999997,0.059070000000000004,
2015,Ethiopia,122,4.512,0.19072999999999998,0.60406,0.44055,0.4345,0.24325,0.15048,
2015,Sierra Leone,123,4.507,0.33024000000000003,0.9557100000000001,0.0,0.4084,0.21488000000000002,0.08786000000000001,
2015,Mauritania,124,4.436,0.45407,0.86908,0.35874,0.24231999999999998,0.21899999999999997,0.17461,
2015,Kenya,125,4.419,0.36471,0.99876,0.41435,0.42215,0.37542,0.05839,
2015,Djibouti,126,4.369,0.44025,0.59207,0.36291,0.46074,0.18093,0.28105,
2015,Armenia,127,4.35,0.7682100000000001,0.7771100000000001,0.7299,0.19847,0.07855,0.039,
2015,Botswana,128,4.332,0.99355,1.10464,0.047760000000000004,0.49495,0.10461,0.12474,
2015,Myanmar,129,4.3069999999999995,0.27108000000000004,0.70905,0.48246000000000006,0.44017,0.79588,0.19034,
2015,Georgia,130,4.297,0.7419,0.38561999999999996,0.72926,0.40576999999999996,0.055470000000000005,0.38331,
2015,Malawi,131,4.292,0.016040000000000002,0.41134,0.22562,0.43054,0.33128,0.06977,
2015,Sri Lanka,132,4.271,0.83524,1.01905,0.70806,0.5372600000000001,0.40828000000000003,0.09179,
2015,Cameroon,133,4.252,0.4225,0.8876700000000001,0.23401999999999998,0.49309,0.20618000000000003,0.05786,
2015,Bulgaria,134,4.218,1.01216,1.10614,0.76649,0.30587,0.11921,0.00872,
2015,Egypt,135,4.194,0.8818,0.747,0.61712,0.17288,0.11291,0.06324,
2015,Yemen,136,4.077,0.5464899999999999,0.68093,0.40064,0.35570999999999997,0.09131,0.07854,
2015,Angola,137,4.033,0.75778,0.8604,0.16683,0.10384000000000002,0.12344000000000001,0.07122,
2015,Mali,138,3.995,0.26074,1.03526,0.20583,0.38856999999999997,0.18798,0.12352,
2015,Congo (Brazzaville),139,3.989,0.67866,0.6629,0.31051,0.41466000000000003,0.12387999999999999,0.11685999999999999,
2015,Comoros,140,3.9560000000000004,0.23906,0.79273,0.36315,0.22916999999999998,0.17440999999999998,0.19899999999999998,
2015,Uganda,141,3.931,0.21101999999999999,1.13299,0.33860999999999997,0.45726999999999995,0.29066,0.07267,
2015,Senegal,142,3.904,0.36498,0.97619,0.4354,0.36772,0.20843000000000003,0.10712999999999999,
2015,Gabon,143,3.8960000000000004,1.06024,0.90528,0.43372,0.31914000000000003,0.06822,0.11091,
2015,Niger,144,3.845,0.0694,0.77265,0.29707,0.47691999999999996,0.19387000000000001,0.15639,
2015,Cambodia,145,3.819,0.46038,0.62736,0.61114,0.66246,0.40359,0.07247,
2015,Tanzania,146,3.781,0.2852,1.00268,0.38215,0.32878,0.34376999999999996,0.05747000000000001,
2015,Madagascar,147,3.681,0.20824,0.66801,0.46721,0.19184,0.21333000000000002,0.08123999999999999,
2015,Central African Republic,148,3.678,0.0785,0.0,0.06699,0.48878999999999995,0.23835,0.08288999999999999,
2015,Chad,149,3.667,0.34193,0.76062,0.1501,0.23501,0.18386,0.05269,
2015,Guinea,150,3.656,0.17417,0.46475,0.24009,0.37725,0.28657,0.12139000000000001,
2015,Ivory Coast,151,3.655,0.46534,0.77115,0.15185,0.46866,0.20165,0.17922000000000002,
2015,Burkina Faso,152,3.5869999999999997,0.25811999999999996,0.85188,0.27125,0.39493,0.21746999999999997,0.12832000000000002,
2015,Afghanistan,153,3.575,0.31982,0.30285,0.30335,0.23414000000000001,0.3651,0.09719,
2015,Rwanda,154,3.465,0.22208000000000003,0.7737,0.42863999999999997,0.59201,0.22628,0.55191,
2015,Benin,155,3.34,0.28665,0.35386,0.3191,0.4845,0.1826,0.0801,
2015,Syria,156,3.0060000000000002,0.6632,0.47489,0.7219300000000001,0.15684,0.47179,0.18905999999999998,
2015,Burundi,157,2.905,0.0153,0.41586999999999996,0.22396,0.1185,0.19727,0.10062,
2015,Togo,158,2.839,0.20868,0.13995,0.28443,0.36453,0.16680999999999999,0.10730999999999999,
2016,Denmark,1,7.526,1.4417799999999998,1.16374,0.79504,0.5794100000000001,0.36171,0.44453000000000004,
2016,Switzerland,2,7.5089999999999995,1.5273299999999999,1.14524,0.86303,0.58557,0.28083,0.41203,
2016,Iceland,3,7.501,1.42666,1.18326,0.8673299999999999,0.56624,0.47678000000000004,0.14975,
2016,Norway,4,7.497999999999999,1.57744,1.1269,0.79579,0.59609,0.37895,0.35775999999999997,
2016,Finland,5,7.412999999999999,1.40598,1.1346399999999999,0.81091,0.57104,0.25492,0.41003999999999996,
2016,Canada,6,7.404,1.44015,1.0961,0.8276,0.5737,0.44833999999999996,0.31329,
2016,Netherlands,7,7.3389999999999995,1.46468,1.02912,0.8123100000000001,0.55211,0.47416,0.29927,
2016,New Zealand,8,7.334,1.36066,1.17278,0.83096,0.5814699999999999,0.49401000000000006,0.41903999999999997,
2016,Australia,9,7.313,1.4444299999999999,1.10476,0.8512,0.5683699999999999,0.47407,0.32331,
2016,Sweden,10,7.291,1.45181,1.08764,0.83121,0.58218,0.38254,0.40867,
2016,Israel,11,7.267,1.33766,0.9953700000000001,0.8491700000000001,0.36432,0.32288,0.08728,
2016,Austria,12,7.119,1.45038,1.0838299999999998,0.80565,0.54355,0.32865,0.21348000000000003,
2016,United States,13,7.104,1.50796,1.04782,0.779,0.48163,0.41076999999999997,0.14868,
2016,Costa Rica,14,7.087000000000001,1.06879,1.02152,0.76146,0.55225,0.22553,0.10547000000000001,
2016,Puerto Rico,15,7.039,1.35943,1.08113,0.77758,0.46823000000000004,0.22202,0.12275,
2016,Germany,16,6.994,1.44787,1.09774,0.81487,0.53466,0.30451999999999996,0.28551,
2016,Brazil,17,6.952000000000001,1.08754,1.03938,0.61415,0.40425,0.15775999999999998,0.14165999999999998,
2016,Belgium,18,6.928999999999999,1.42539,1.05249,0.8195899999999999,0.51354,0.2424,0.26248,
2016,Ireland,19,6.907,1.4834100000000001,1.16157,0.81455,0.54008,0.44963000000000003,0.29754,
2016,Luxembourg,20,6.871,1.6975200000000001,1.03999,0.8454200000000001,0.5487,0.27571,0.35329,
2016,Mexico,21,6.778,1.1150799999999998,0.7146,0.71143,0.37709000000000004,0.11735,0.18355,
2016,Singapore,22,6.739,1.64555,0.8675799999999999,0.94719,0.4877,0.32706,0.46986999999999995,
2016,United Kingdom,23,6.725,1.40283,1.0867200000000001,0.80991,0.50036,0.50156,0.27399,
2016,Chile,24,6.705,1.2167,0.9058700000000001,0.8188300000000001,0.37789,0.31595,0.11450999999999999,
2016,Panama,25,6.7010000000000005,1.18306,0.9891200000000001,0.70835,0.48927,0.2418,0.08423,
2016,Argentina,26,6.65,1.15137,1.0661200000000002,0.69711,0.42283999999999994,0.10989000000000002,0.07296,
2016,Czech Republic,27,6.596,1.30915,1.00793,0.76376,0.41418,0.09929,0.03986,
2016,United Arab Emirates,28,6.5729999999999995,1.57352,0.8711399999999999,0.72993,0.56215,0.26591,0.35561,
2016,Uruguay,29,6.545,1.18157,1.0314299999999998,0.72183,0.54388,0.18056,0.21394000000000002,
2016,Malta,30,6.4879999999999995,1.30782,1.09879,0.80315,0.54994,0.56237,0.17554,
2016,Colombia,31,6.481,1.0303200000000001,1.02169,0.59659,0.44735,0.15625999999999998,0.053989999999999996,
2016,France,32,6.478,1.39488,1.00508,0.83795,0.46562,0.1216,0.17808,
2016,Thailand,33,6.474,1.0893,1.04477,0.64915,0.49553,0.58696,0.02833,
2016,Saudi Arabia,34,6.379,1.48953,0.84829,0.59267,0.37904,0.15457,0.30008,
2016,Taiwan,34,6.379,1.39729,0.92624,0.79565,0.32377,0.25495,0.0663,
2016,Qatar,36,6.375,1.82427,0.87964,0.71723,0.56679,0.32388,0.48049,
2016,Spain,37,6.361000000000001,1.34253,1.12945,0.8789600000000001,0.37545,0.17665,0.06137000000000001,
2016,Algeria,38,6.355,1.05266,0.83309,0.6180399999999999,0.21006,0.07044,0.16157,
2016,Guatemala,39,6.324,0.83454,0.8711899999999999,0.5403899999999999,0.50379,0.28808,0.08701,
2016,Suriname,40,6.269,1.09686,0.77866,0.5093300000000001,0.5223399999999999,0.16665,0.12692,
2016,Kuwait,41,6.239,1.61714,0.8775799999999999,0.63569,0.43166000000000004,0.15965,0.23669,
2016,Bahrain,42,6.218,1.44024,0.9439700000000001,0.65696,0.47375,0.17147,0.25772,
2016,Trinidad and Tobago,43,6.167999999999999,1.32572,0.98569,0.52608,0.48453,0.31935,0.01241,
2016,Venezuela,44,6.084,1.1336700000000002,1.03302,0.6190399999999999,0.19847,0.0425,0.08304,
2016,Slovakia,45,6.077999999999999,1.27973,1.0826799999999999,0.70367,0.23390999999999998,0.13837,0.02947,
2016,El Salvador,46,6.068,0.8737,0.80975,0.596,0.37269,0.08877,0.10613,
2016,Malaysia,47,6.005,1.25142,0.88025,0.62366,0.39031,0.41473999999999994,0.09081,
2016,Nicaragua,48,5.992000000000001,0.69384,0.8952100000000001,0.65213,0.46581999999999996,0.29773,0.16292,
2016,Uzbekistan,49,5.987,0.7359100000000001,1.1681,0.50163,0.60848,0.34326,0.28333,
2016,Italy,50,5.977,1.35495,1.04167,0.8510200000000001,0.18827,0.16684000000000002,0.02556,
2016,Ecuador,51,5.976,0.97306,0.85974,0.68613,0.4027,0.10074,0.18037,
2016,Belize,52,5.956,0.87616,0.68655,0.45569,0.51231,0.23684000000000002,0.10770999999999999,
2016,Japan,53,5.921,1.3800700000000001,1.06054,0.91491,0.46761,0.10224,0.18985,
2016,Kazakhstan,54,5.919,1.22943,0.95544,0.57386,0.4052,0.15011,0.11132,
2016,Moldova,55,5.897,0.69177,0.8313200000000001,0.5230899999999999,0.25201999999999997,0.19997,0.019030000000000002,
2016,Russia,56,5.856,1.2322799999999998,1.05261,0.58991,0.32682,0.027360000000000002,0.03586,
2016,Poland,57,5.835,1.24585,1.04685,0.69058,0.4519,0.14443,0.055,
2016,South Korea,57,5.835,1.35948,0.7219399999999999,0.88645,0.25168,0.18824000000000002,0.07716,
2016,Bolivia,59,5.822,0.79422,0.8377899999999999,0.4697,0.50961,0.21698,0.07746,
2016,Lithuania,60,5.813,1.2692,1.0641100000000001,0.64674,0.18929,0.02025,0.0182,
2016,Belarus,61,5.8020000000000005,1.1306200000000002,1.04993,0.6310399999999999,0.29091,0.13942000000000002,0.17457,
2016,North Cyprus,62,5.771,1.31141,0.81826,0.8414200000000001,0.43596,0.26322,0.16577999999999998,
2016,Slovenia,63,5.768,1.2994700000000001,1.05613,0.79151,0.53164,0.25738,0.03635,
2016,Peru,64,5.742999999999999,0.9960200000000001,0.81255,0.6299399999999999,0.37501999999999996,0.14527,0.05292,
2016,Turkmenistan,65,5.6579999999999995,1.08017,1.03817,0.44006000000000006,0.37408,0.22566999999999998,0.28467,
2016,Mauritius,66,5.648,1.14372,0.75695,0.66189,0.46145,0.36951,0.05202999999999999,
2016,Libya,67,5.615,1.0668799999999998,0.95076,0.52304,0.40671999999999997,0.17087,0.10339000000000001,
2016,Latvia,68,5.56,1.2178799999999999,0.95025,0.63952,0.27996,0.17445,0.0889,
2016,Cyprus,69,5.546,1.31857,0.70697,0.8488,0.29507,0.27906,0.05227999999999999,
2016,Paraguay,70,5.537999999999999,0.8937299999999999,1.11111,0.58295,0.46235,0.25296,0.07396,
2016,Romania,71,5.528,1.1697,0.7280300000000001,0.67602,0.36712,0.12889,0.006790000000000001,
2016,Estonia,72,5.517,1.2796399999999999,1.0516299999999998,0.68098,0.41511000000000003,0.08423,0.18519000000000002,
2016,Jamaica,73,5.51,0.89333,0.96372,0.5946899999999999,0.43596999999999997,0.22245,0.04294,
2016,Croatia,74,5.4879999999999995,1.18649,0.6080899999999999,0.70524,0.23906999999999998,0.18434,0.04002,
2016,Hong Kong,75,5.457999999999999,1.5107,0.87021,0.9527700000000001,0.48078999999999994,0.40097,0.31647,
2016,Somalia,76,5.44,0.0,0.33613000000000004,0.11465999999999998,0.5677800000000001,0.27225,0.3118,
2016,Kosovo,77,5.401,0.90145,0.66062,0.54,0.14396,0.27992,0.06547,
2016,Turkey,78,5.388999999999999,1.1649200000000002,0.8771700000000001,0.64718,0.23889000000000002,0.04707,0.12347999999999999,
2016,Indonesia,79,5.314,0.95104,0.87625,0.49373999999999996,0.39237,0.56521,0.00322,
2016,Jordan,80,5.303,0.9967299999999999,0.86216,0.60712,0.36023,0.14262,0.13297,
2016,Azerbaijan,81,5.291,1.12373,0.76042,0.54504,0.35327,0.0564,0.17914000000000002,
2016,Philippines,82,5.279,0.81217,0.87877,0.47036000000000006,0.5485399999999999,0.21674000000000002,0.11757000000000001,
2016,China,83,5.245,1.0278,0.79381,0.73561,0.44011999999999996,0.049589999999999995,0.02745,
2016,Bhutan,84,5.196000000000001,0.8527,0.9083600000000001,0.49759,0.46074,0.48546000000000006,0.1616,
2016,Kyrgyzstan,85,5.185,0.5604399999999999,0.95434,0.5544899999999999,0.40212,0.38432,0.047619999999999996,
2016,Serbia,86,5.1770000000000005,1.03437,0.81329,0.6458,0.15718,0.20736999999999997,0.04339,
2016,Bosnia and Herzegovina,87,5.162999999999999,0.9338299999999999,0.64367,0.7076600000000001,0.09511,0.29889,0.0,
2016,Montenegro,88,5.1610000000000005,1.07838,0.74173,0.6353300000000001,0.15111,0.17190999999999998,0.12721,
2016,Dominican Republic,89,5.155,1.02787,0.9949600000000001,0.5766899999999999,0.52259,0.21286,0.12372000000000001,
2016,Morocco,90,5.151,0.8405799999999999,0.38595,0.5947100000000001,0.25645999999999997,0.040530000000000004,0.08404,
2016,Hungary,91,5.145,1.24142,0.9316399999999999,0.67608,0.1977,0.099,0.044719999999999996,
2016,Pakistan,92,5.132000000000001,0.68816,0.26135,0.40306,0.14622000000000002,0.31185,0.1388,
2016,Lebanon,93,5.129,1.12268,0.64184,0.76171,0.26228,0.23693000000000003,0.030610000000000002,
2016,Portugal,94,5.122999999999999,1.27607,0.9436700000000001,0.7936300000000001,0.44727,0.11690999999999999,0.01521,
2016,Macedonia,95,5.121,1.0193,0.78236,0.6473800000000001,0.27668000000000004,0.23506999999999997,0.07047,
2016,Vietnam,96,5.061,0.74037,0.7911699999999999,0.66157,0.5595399999999999,0.25075,0.11556,
2016,Somaliland Region,97,5.0569999999999995,0.25558000000000003,0.75862,0.33108000000000004,0.3913,0.51479,0.36794,
2016,Tunisia,98,5.045,0.97724,0.43165,0.59577,0.23553000000000002,0.03936,0.0817,
2016,Greece,99,5.033,1.24886,0.75473,0.80029,0.05822000000000001,0.0,0.04127,
2016,Tajikistan,100,4.996,0.48835,0.75602,0.5311899999999999,0.43408,0.25998000000000004,0.13509000000000002,
2016,Mongolia,101,4.907,0.9885299999999999,1.0898299999999999,0.55469,0.35972,0.34539000000000003,0.03285,
2016,Laos,102,4.876,0.68042,0.5497,0.38291,0.52168,0.43078999999999995,0.22423,
2016,Nigeria,103,4.875,0.75216,0.64498,0.05108,0.27854,0.23219,0.0305,
2016,Honduras,104,4.871,0.69429,0.7559600000000001,0.5838300000000001,0.26755,0.2044,0.06906,
2016,Iran,105,4.813,1.11758,0.38856999999999997,0.64232,0.22544,0.38538,0.0557,
2016,Zambia,106,4.795,0.61202,0.6376,0.23573000000000002,0.42662,0.17865999999999999,0.11479,
2016,Nepal,107,4.793,0.44626000000000005,0.69699,0.50073,0.37012,0.3816,0.07007999999999999,
2016,Palestinian Territories,108,4.754,0.67024,0.71629,0.56844,0.17744000000000001,0.11154000000000001,0.10613,
2016,Albania,109,4.655,0.9553,0.50163,0.73007,0.31866,0.1684,0.05301,
2016,Bangladesh,110,4.643,0.54177,0.24749000000000002,0.52989,0.39778,0.19132000000000002,0.12583,
2016,Sierra Leone,111,4.635,0.36485,0.628,0.0,0.30685,0.23897,0.08196,
2016,Iraq,112,4.575,1.07474,0.59205,0.51076,0.24856,0.19589,0.13635999999999998,
2016,Namibia,113,4.574,0.9328700000000001,0.70362,0.34745,0.48613999999999996,0.07795,0.10397999999999999,
2016,Cameroon,114,4.513,0.5249699999999999,0.62542,0.12697999999999998,0.42736,0.2268,0.06126,
2016,Ethiopia,115,4.508,0.29283000000000003,0.37932,0.34578000000000003,0.36703,0.29522,0.1717,
2016,South Africa,116,4.459,1.02416,0.9605299999999999,0.18611,0.42483000000000004,0.13656,0.08415,
2016,Sri Lanka,117,4.415,0.9731799999999999,0.84783,0.62007,0.50817,0.46978000000000003,0.07964,
2016,India,118,4.404,0.74036,0.29247,0.45091000000000003,0.40285,0.25028,0.08722,
2016,Myanmar,119,4.395,0.34112,0.69981,0.3988,0.42691999999999997,0.81971,0.20243,
2016,Egypt,120,4.362,0.95395,0.49813,0.5211600000000001,0.18847,0.12705999999999998,0.10393,
2016,Armenia,121,4.36,0.8608600000000001,0.6247699999999999,0.64083,0.14037,0.07793,0.036160000000000005,
2016,Kenya,122,4.356,0.52267,0.7624,0.30146999999999996,0.40576,0.41328000000000004,0.06686,
2016,Ukraine,123,4.324,0.87287,1.01413,0.58628,0.12859,0.20363,0.01829,
2016,Ghana,124,4.276,0.63107,0.49353,0.29681,0.40973000000000004,0.21203000000000002,0.0326,
2016,Congo (Kinshasa),125,4.272,0.05661,0.80676,0.188,0.15602,0.25458000000000003,0.06075,
2016,Georgia,126,4.252,0.8379200000000001,0.19249000000000002,0.64035,0.32461,0.06786,0.3188,
2016,Congo (Brazzaville),127,4.236000000000001,0.7710899999999999,0.47798999999999997,0.28212,0.37938,0.12077,0.09752999999999999,
2016,Senegal,128,4.218999999999999,0.44314,0.7741600000000001,0.40457,0.31056,0.19103,0.11681,
2016,Bulgaria,129,4.217,1.11306,0.92542,0.67806,0.21219000000000002,0.12793,0.00615,
2016,Mauritania,130,4.2010000000000005,0.6139100000000001,0.8414200000000001,0.28639000000000003,0.1268,0.22685999999999998,0.17955,
2016,Zimbabwe,131,4.1930000000000005,0.35041,0.71478,0.1595,0.25429,0.18503,0.08582000000000001,
2016,Malawi,132,4.156000000000001,0.08709,0.147,0.29364,0.4143,0.30968,0.07564,
2016,Sudan,133,4.138999999999999,0.63069,0.8192799999999999,0.29759,0.0,0.18077000000000001,0.10039,
2016,Gabon,134,4.121,1.15851,0.72368,0.3494,0.28098,0.062439999999999996,0.09314,
2016,Mali,135,4.073,0.31292,0.8633299999999999,0.16347,0.27544,0.21064000000000002,0.13647,
2016,Haiti,136,4.0280000000000005,0.34097,0.29561,0.27494,0.12072000000000001,0.47958,0.14476,
2016,Botswana,137,3.9739999999999998,1.09426,0.89186,0.34752,0.44088999999999995,0.12425,0.10769000000000001,
2016,Comoros,138,3.9560000000000004,0.27509,0.60323,0.29980999999999997,0.15412,0.1827,0.18437,
2016,Ivory Coast,139,3.9160000000000004,0.55507,0.57576,0.04476,0.40663,0.20338,0.1553,
2016,Cambodia,140,3.907,0.55604,0.5375,0.42494,0.5885199999999999,0.40339,0.08092,
2016,Angola,141,3.866,0.84731,0.66366,0.04991,0.00589,0.12070999999999998,0.08434,
2016,Niger,142,3.8560000000000003,0.1327,0.6053,0.26161999999999996,0.38040999999999997,0.2097,0.17176,
2016,South Sudan,143,3.832,0.39394,0.18519000000000002,0.15780999999999998,0.19662000000000002,0.25899,0.13015,
2016,Chad,144,3.763,0.42213999999999996,0.63178,0.038239999999999996,0.12807000000000002,0.18667,0.04952,
2016,Burkina Faso,145,3.739,0.31995,0.63054,0.21297,0.3337,0.24353000000000002,0.12533,
2016,Uganda,145,3.739,0.34719,0.90981,0.19625,0.43653000000000003,0.27102,0.06442,
2016,Yemen,147,3.7239999999999998,0.57939,0.47493,0.31048000000000003,0.2287,0.09821,0.05892000000000001,
2016,Madagascar,148,3.695,0.27954,0.46115,0.37109000000000003,0.13684000000000002,0.2204,0.07506,
2016,Tanzania,149,3.6660000000000004,0.47155,0.77623,0.35700000000000004,0.3176,0.31472,0.05099,
2016,Liberia,150,3.622,0.10705999999999999,0.50353,0.23165,0.25748000000000004,0.24063,0.04852,
2016,Guinea,151,3.6069999999999998,0.22415,0.3109,0.18829,0.30953,0.29914,0.1192,
2016,Rwanda,152,3.515,0.32846,0.6158600000000001,0.31865,0.5432,0.23551999999999998,0.50521,
2016,Benin,153,3.484,0.39499,0.10419,0.21028000000000002,0.39747,0.2018,0.06681000000000001,
2016,Afghanistan,154,3.36,0.38227,0.11037000000000001,0.17344,0.1643,0.31268,0.07112,
2016,Togo,155,3.303,0.28123000000000004,0.0,0.24811,0.34678000000000003,0.17517,0.11587,
2016,Syria,156,3.069,0.7471899999999999,0.14866,0.6299399999999999,0.06912,0.48396999999999996,0.17232999999999998,
2016,Burundi,157,2.905,0.06831,0.23442,0.15747,0.0432,0.2029,0.09419,
2017,Norway,1,7.537000179,1.616463184,1.53352356,0.796666503,0.635422587,0.362012237,0.315963835,
2017,Denmark,2,7.521999836,1.4823830130000002,1.5511215930000002,0.792565525,0.6260067220000001,0.355280489,0.400770068,
2017,Iceland,3,7.504000187000001,1.48063302,1.6105740069999999,0.8335521220000001,0.627162635,0.47554022100000004,0.153526559,
2017,Switzerland,4,7.493999958,1.5649795530000001,1.516911745,0.858131289,0.620070577,0.290549278,0.367007285,
2017,Finland,5,7.468999863,1.443571925,1.540246725,0.80915767,0.6179508570000001,0.24548277300000002,0.38261154299999994,
2017,Netherlands,6,7.376999855,1.503944635,1.4289392230000002,0.810696125,0.585384488,0.47048983,0.282661825,
2017,Canada,7,7.315999985,1.479204416,1.481348991,0.834557652,0.611100912,0.435539722,0.287371516,
2017,New Zealand,8,7.31400013,1.405706048,1.548195124,0.8167597059999999,0.61406213,0.500005126,0.382816702,
2017,Sweden,9,7.28399992,1.494387269,1.478162169,0.830875158,0.612924099,0.385399252,0.384398729,
2017,Australia,10,7.28399992,1.484414935,1.510041952,0.843886793,0.6016073820000001,0.47769925,0.30118373,
2017,Israel,11,7.212999821,1.375382423,1.3762899640000001,0.838404,0.405988604,0.330082655,0.0852421,
2017,Costa Rica,12,7.078999996,1.109706283,1.416403651,0.759509265,0.58013165,0.214613229,0.10010658900000001,
2017,Austria,13,7.006000042,1.4870972630000001,1.459944963,0.8153284190000001,0.56776619,0.316472322,0.221060365,
2017,United States,14,6.993000031,1.546259284,1.419920564,0.7742866279999999,0.5057405229999999,0.392578781,0.135638788,
2017,Ireland,15,6.977000237,1.535706639,1.558231115,0.809782624,0.573110342,0.427858323,0.298388153,
2017,Germany,16,6.951000214,1.4879233840000001,1.472520351,0.798950732,0.562511384,0.33626917,0.276731938,
2017,Belgium,17,6.890999794,1.463780761,1.462312698,0.8180918690000001,0.539770722,0.231503338,0.251343131,
2017,Luxembourg,18,6.862999916000001,1.7419435980000002,1.457583666,0.845089495,0.596627891,0.28318098199999997,0.318834424,
2017,United Kingdom,19,6.714000225,1.44163394,1.49646008,0.8053359390000001,0.508190036,0.492774159,0.265428066,
2017,Chile,20,6.65199995,1.25278461,1.2840249540000002,0.819479704,0.37689527899999997,0.32666242100000004,0.082287982,
2017,United Arab Emirates,21,6.647999763,1.626343369,1.2664102320000001,0.7267982359999999,0.60834527,0.36094194700000004,0.324489564,
2017,Brazil,22,6.635000229,1.10735321,1.431306005,0.616552353,0.437453747,0.162349895,0.111092761,
2017,Czech Republic,23,6.609000206,1.352682352,1.4338852169999998,0.7544440029999999,0.49094617399999996,0.088106759,0.036872927,
2017,Argentina,24,6.598999977,1.1852954629999999,1.440451145,0.6951370840000001,0.494519204,0.109457061,0.059739888,
2017,Mexico,25,6.578000069,1.153183818,1.21086216,0.709978998,0.412730008,0.12099043300000001,0.132774115,
2017,Singapore,26,6.5720000270000005,1.69227767,1.3538143630000001,0.949492395,0.549840569,0.34596598100000003,0.464307785,
2017,Malta,27,6.52699995,1.343279839,1.488411665,0.8219442370000001,0.588767052,0.574730575,0.153066069,
2017,Uruguay,28,6.453999996,1.217559695,1.412227869,0.7192168240000001,0.5793922539999999,0.17509692899999998,0.178061873,
2017,Guatemala,29,6.453999996,0.8720019459999999,1.255585194,0.54023999,0.531310618,0.283488393,0.077223279,
2017,Panama,30,6.452000141,1.233748436,1.373192549,0.706156135,0.550026834,0.210556939,0.070983924,
2017,France,31,6.441999912000001,1.430923462,1.3877768519999998,0.844465852,0.470222116,0.129762307,0.172502428,
2017,Thailand,32,6.423999786,1.127868772,1.425792456,0.647239029,0.580200732,0.57212311,0.031612735,
2017,Taiwan Province of China,33,6.421999931,1.4336265330000002,1.3845653530000002,0.7939842340000001,0.361466587,0.258360475,0.063829236,
2017,Spain,34,6.402999877999999,1.384397864,1.532090902,0.8889606,0.40878123,0.190133572,0.070914097,
2017,Qatar,35,6.375,1.870765686,1.27429688,0.710098088,0.604130983,0.33047387,0.439299256,
2017,Colombia,36,6.3569998739999996,1.070622325,1.4021829369999999,0.5950279239999999,0.477487415,0.149014473,0.046668742,
2017,Saudi Arabia,37,6.343999863,1.530623555,1.2866775990000001,0.59014833,0.449750572,0.14761601400000002,0.273432255,
2017,Trinidad and Tobago,38,6.168000221000001,1.361355901,1.380228519,0.519983292,0.518630743,0.325296462,0.008964816,
2017,Kuwait,39,6.105000018999999,1.6329524519999998,1.259698749,0.632105708,0.49633759299999997,0.22828979800000002,0.21515955,
2017,Slovakia,40,6.09800005,1.325393558,1.505059242,0.7127329109999999,0.295817465,0.136544481,0.024210852,
2017,Bahrain,41,6.086999893,1.488412261,1.323110461,0.653133035,0.5367469189999999,0.17266848699999998,0.25704217,
2017,Malaysia,42,6.084000111,1.29121542,1.284646034,0.618784428,0.40226498200000005,0.41660893,0.065600708,
2017,Nicaragua,43,6.071000099,0.737299204,1.28721571,0.653095961,0.447551847,0.30167421699999997,0.13068798199999998,
2017,Ecuador,44,6.007999897,1.0008203979999999,1.286168814,0.6856362220000001,0.45519819899999997,0.150112465,0.140134647,
2017,El Salvador,45,6.002999783,0.9097844959999999,1.182125092,0.596018553,0.43245253,0.078257985,0.08998096,
2017,Poland,46,5.97300005,1.291787863,1.44571197,0.699475348,0.520342112,0.15846596699999999,0.059307806,
2017,Uzbekistan,47,5.971000195,0.786441088,1.54896915,0.498272628,0.658248663,0.415983647,0.24652822300000002,
2017,Italy,48,5.964000225,1.395066619,1.444923282,0.8531443479999999,0.256450713,0.17278964800000002,0.028028091,
2017,Russia,49,5.962999821,1.2817780970000001,1.469282389,0.547349334,0.37378311200000003,0.052263822,0.032962881,
2017,Belize,50,5.9559998510000005,0.9079753159999999,1.081417799,0.450191766,0.547509372,0.240015641,0.09658107199999999,
2017,Japan,51,5.920000076,1.4169151780000002,1.436337829,0.9134758709999999,0.505625546,0.12057276800000001,0.163760737,
2017,Lithuania,52,5.90199995,1.314582348,1.4735161069999998,0.62894994,0.234231785,0.010164656999999999,0.011865643,
2017,Algeria,53,5.872000217,1.091864467,1.146217465,0.6175846460000001,0.233335808,0.069436647,0.14609611,
2017,Latvia,54,5.849999905,1.260748625,1.4047149419999998,0.638566971,0.325707912,0.153074786,0.073842727,
2017,South Korea,55,5.837999821,1.4016784430000002,1.1282744409999999,0.9002140759999999,0.257921666,0.206674367,0.063282669,
2017,Moldova,56,5.837999821,0.72887063,1.251825571,0.589465201,0.24072904899999997,0.208779126,0.010091286,
2017,Romania,57,5.8249998089999995,1.217683911,1.15009129,0.685158312,0.45700374200000005,0.13351991800000002,0.004387901,
2017,Bolivia,58,5.822999954,0.8337565659999999,1.227619052,0.47363025,0.558732927,0.225560725,0.060477725999999996,
2017,Turkmenistan,59,5.8220000270000005,1.130776763,1.4931491609999998,0.43772608,0.418271929,0.24992498800000001,0.25927034,
2017,Kazakhstan,60,5.818999767,1.28455627,1.384369016,0.606041551,0.43745428299999994,0.201964423,0.11928288599999999,
2017,North Cyprus,61,5.809999942999999,1.346911311,1.186303377,0.834647238,0.471203625,0.266845703,0.155353352,
2017,Slovenia,62,5.757999897,1.341205955,1.452518821,0.790828228,0.572575808,0.242649093,0.04512897900000001,
2017,Peru,63,5.715000152999999,1.0352252720000001,1.218770385,0.6301661129999999,0.45000287899999997,0.126819715,0.047049087,
2017,Mauritius,64,5.629000187000001,1.189395547,1.20956099,0.638007462,0.49124732600000004,0.360933751,0.042181555,
2017,Cyprus,65,5.620999812999999,1.3559380769999998,1.131363273,0.8447147009999999,0.355111539,0.27125430100000003,0.041237976,
2017,Estonia,66,5.611000061,1.32087934,1.4766711000000001,0.695168316,0.47913143,0.098890811,0.18324892199999998,
2017,Belarus,67,5.568999767,1.15655756,1.444945216,0.637714267,0.29540026199999997,0.155137509,0.156313822,
2017,Libya,68,5.525000095,1.101803064,1.35756433,0.52016902,0.46573323,0.152073666,0.09261021,
2017,Turkey,69,5.5,1.1982743740000001,1.337753177,0.637605608,0.30074059999999997,0.046693042000000004,0.09967158,
2017,Paraguay,70,5.493000031,0.932537317,1.50728488,0.579250693,0.47350779200000004,0.224150658,0.09106591300000001,
2017,"Hong Kong S.A.R., China",71,5.472000122000001,1.551674843,1.2627909179999999,0.943062425,0.490968645,0.374465793,0.29393374899999997,
2017,Philippines,72,5.429999828,0.857699215,1.253917575,0.468009055,0.5852146739999999,0.19351342300000002,0.099331893,
2017,Serbia,73,5.394999981000001,1.069317579,1.258189797,0.650784671,0.208715528,0.220125884,0.040903781,
2017,Jordan,74,5.335999966,0.9910123940000001,1.239088893,0.604590058,0.418421149,0.17217046,0.11980327199999999,
2017,Hungary,75,5.323999882,1.286011934,1.343133092,0.687763453,0.175863519,0.078401662,0.036636937,
2017,Jamaica,76,5.31099987,0.9255793090000001,1.3682180640000001,0.641022384,0.474307239,0.233818337,0.055267780999999995,
2017,Croatia,77,5.293000221000001,1.222556233,0.9679830070000001,0.7012885209999999,0.255772293,0.248002976,0.04310311,
2017,Kosovo,78,5.278999805,0.9514843820000001,1.1378535029999999,0.54145205,0.260287941,0.319931448,0.057471617999999995,
2017,China,79,5.2729997630000005,1.0811657909999999,1.160837412,0.741415501,0.472787708,0.028806841,0.022794275,
2017,Pakistan,80,5.269000053,0.7268835309999999,0.67269069,0.402047783,0.23521526199999998,0.31544601899999997,0.12434806699999999,
2017,Indonesia,81,5.262000083999999,0.995538592,1.274444699,0.492345721,0.443323463,0.6117045879999999,0.015317135,
2017,Venezuela,82,5.25,1.128431201,1.431337595,0.617144227,0.153997123,0.06501963,0.064491123,
2017,Montenegro,83,5.236999989,1.121129036,1.238376498,0.667464674,0.194989055,0.197911024,0.088174194,
2017,Morocco,84,5.235000134,0.878114581,0.774864435,0.597710669,0.408158332,0.032209955,0.08776318300000001,
2017,Azerbaijan,85,5.234000206,1.153601766,1.152400255,0.540775776,0.398155838,0.04526934,0.180987507,
2017,Dominican Republic,86,5.230000018999999,1.0793738370000001,1.402416706,0.574873745,0.552589834,0.18696785,0.11394525300000001,
2017,Greece,87,5.2270002369999995,1.2894874809999999,1.239414573,0.810198903,0.09573125099999999,0.0,0.043289777,
2017,Lebanon,88,5.224999905,1.0749875309999999,1.129624248,0.735081077,0.288515985,0.264450759,0.03751383,
2017,Portugal,89,5.195000172,1.315175295,1.3670430180000002,0.7958435420000001,0.4984653,0.095102713,0.015869452,
2017,Bosnia and Herzegovina,90,5.18200016,0.9824094179999999,1.069335938,0.7051863070000001,0.204403177,0.328867495,0.0,
2017,Honduras,91,5.181000233,0.730573118,1.143944979,0.58256948,0.34807986,0.236188874,0.073345453,
2017,Macedonia,92,5.1750001910000005,1.0645779370000001,1.2078930140000002,0.644948184,0.325905979,0.253760964,0.060277794,
2017,Somalia,93,5.151000023,0.022643184,0.721151352,0.11398913699999999,0.602126956,0.291631311,0.282410324,
2017,Vietnam,94,5.073999882,0.788547575,1.277491331,0.652168989,0.571055591,0.234968051,0.08763323699999999,
2017,Nigeria,95,5.073999882,0.783756256,1.215770483,0.05691573,0.394952565,0.23094719600000002,0.026121566000000002,
2017,Tajikistan,96,5.040999889,0.524713635,1.271463275,0.529235125,0.47156670700000003,0.248997644,0.14637714599999999,
2017,Bhutan,97,5.011000156000001,0.8854163890000001,1.340126514,0.495879292,0.5015376810000001,0.474054545,0.17338039,
2017,Kyrgyzstan,98,5.004000187,0.596220076,1.394238591,0.5534577970000001,0.454943389,0.428580374,0.039439179,
2017,Nepal,99,4.961999893,0.47982019200000003,1.179283261,0.504130781,0.44030594799999995,0.394096166,0.072975546,
2017,Mongolia,100,4.954999924,1.0272358659999998,1.4930112359999999,0.557783484,0.394143969,0.33846423,0.032902289,
2017,South Africa,101,4.828999996,1.054698706,1.3847886319999998,0.18708007,0.479246736,0.13936238,0.072509497,
2017,Tunisia,102,4.804999828,1.007265806,0.86835146,0.613212049,0.28968069,0.049693357,0.086723149,
2017,Palestinian Territories,103,4.775000095,0.716249228,1.1556471590000001,0.565666974,0.254711062,0.114173174,0.08928260199999999,
2017,Egypt,104,4.735000134,0.989701807,0.997471392,0.520187259,0.282110155,0.128631443,0.114381365,
2017,Bulgaria,105,4.714000225,1.161459088,1.4343794580000002,0.70821768,0.289231718,0.11317769400000001,0.011051531000000002,
2017,Sierra Leone,106,4.709000111,0.368420929,0.984136045,0.005564754,0.318697691,0.293040901,0.071095176,
2017,Cameroon,107,4.695000172,0.564305365,0.946018219,0.132892117,0.43038874899999996,0.236298457,0.051306631,
2017,Iran,108,4.691999912,1.156873107,0.7115512490000001,0.639333189,0.249322608,0.38724291299999997,0.048761072999999995,
2017,Albania,109,4.644000053,0.996192753,0.803685248,0.7311597470000001,0.381498635,0.201312944,0.039864216,
2017,Bangladesh,110,4.607999802,0.586682975,0.7351317409999999,0.533241034,0.47835665899999996,0.172255352,0.123717859,
2017,Namibia,111,4.573999882,0.9644343259999999,1.098470807,0.33861181100000004,0.520303547,0.077133745,0.093146972,
2017,Kenya,112,4.552999973,0.560479462,1.0679507259999999,0.30998835,0.452763766,0.444860309,0.064641319,
2017,Mozambique,113,4.5500001910000005,0.23430565,0.870701015,0.106654435,0.48079109200000003,0.32222810399999996,0.179436386,
2017,Myanmar,114,4.545000076,0.36711055,1.123235941,0.397522569,0.514492035,0.8380751609999999,0.188816205,
2017,Senegal,115,4.534999847,0.47930902200000003,1.179691911,0.40936285299999997,0.37792226700000003,0.183468893,0.11546044800000001,
2017,Zambia,116,4.513999939,0.636406779,1.0031872990000001,0.257835895,0.461603492,0.249580145,0.07821355,
2017,Iraq,117,4.497000217,1.102710485,0.978613198,0.50118047,0.28855553300000003,0.19963726399999998,0.107215755,
2017,Gabon,118,4.465000153,1.198210239,1.155620217,0.356578588,0.312328577,0.043785378,0.076046787,
2017,Ethiopia,119,4.460000038,0.339233845,0.864669204,0.353409708,0.40884274200000004,0.31265074,0.165455714,
2017,Sri Lanka,120,4.440000057,1.009850144,1.259976387,0.6251308320000001,0.561213255,0.49086356200000003,0.073653966,
2017,Armenia,121,4.375999928,0.900596738,1.0074837209999998,0.637524426,0.198303267,0.083488092,0.026674422000000003,
2017,India,122,4.315000057,0.7922212479999999,0.754372597,0.455427617,0.469987005,0.231538489,0.092226885,
2017,Mauritania,123,4.291999817,0.648457289,1.27203083,0.28534928,0.09609804300000001,0.20187002399999998,0.136957005,
2017,Congo (Brazzaville),124,4.290999889,0.808964252,0.832044363,0.28995743399999996,0.435025871,0.120852128,0.07961813400000001,
2017,Georgia,125,4.285999775,0.9506126640000001,0.570614934,0.649546981,0.309410036,0.054008815,0.251666635,
2017,Congo (Kinshasa),126,4.28000021,0.092102349,1.229023457,0.191407025,0.23596134800000002,0.246455833,0.060241355999999996,
2017,Mali,127,4.190000057,0.476180494,1.281473398,0.169365674,0.306613743,0.183354199,0.10497024699999999,
2017,Ivory Coast,128,4.179999828,0.603048921,0.90478003,0.04864217,0.447706193,0.20123747,0.130061775,
2017,Cambodia,129,4.168000221000001,0.601765096,1.006238341,0.429783404,0.633375823,0.385922968,0.068105951,
2017,Sudan,130,4.138999939,0.6595166920000001,1.21400857,0.29092082399999997,0.014995855,0.18231745100000002,0.08984752,
2017,Ghana,131,4.1199998860000004,0.6672248239999999,0.873664737,0.295637727,0.42302629399999997,0.25692394399999996,0.02533637,
2017,Ukraine,132,4.096000195,0.8946519490000001,1.394537568,0.575903952,0.122974776,0.270061463,0.023029471,
2017,Uganda,133,4.0809998510000005,0.381430715,1.129827738,0.217632607,0.443185955,0.325766057,0.057069719000000005,
2017,Burkina Faso,134,4.032000065,0.35022771399999997,1.043280005,0.21584425899999998,0.32436785100000004,0.250864685,0.12032810599999999,
2017,Niger,135,4.027999878,0.161925331,0.993025005,0.268505007,0.363658696,0.22867384600000001,0.138572946,
2017,Malawi,136,3.970000029,0.23344203800000002,0.5125688310000001,0.315089583,0.466914654,0.28717047,0.072711654,
2017,Chad,137,3.9360001089999996,0.438012987,0.953855872,0.041134715,0.162342027,0.21611385,0.053581882000000004,
2017,Zimbabwe,138,3.875,0.375846535,1.083095908,0.19676375399999999,0.33638420700000005,0.189143494,0.095375381,
2017,Lesotho,139,3.808000088,0.5210212470000001,1.190095186,0.0,0.39066129899999996,0.157497272,0.11909464,
2017,Angola,140,3.7950000760000004,0.85842818,1.10441196,0.049868666,0.0,0.09792649,0.069720335,
2017,Afghanistan,141,3.79399991,0.40147721799999997,0.581543326,0.180746779,0.10617952,0.311870933,0.06115783,
2017,Botswana,142,3.766000032,1.122094154,1.221554995,0.34175550899999996,0.505196333,0.099348448,0.09858319900000001,
2017,Benin,143,3.657000065,0.43108540799999995,0.435299844,0.209930211,0.425962776,0.207948461,0.060929015,
2017,Madagascar,144,3.644000053,0.305808693,0.9130203720000001,0.375223309,0.189196765,0.20873253,0.067231975,
2017,Haiti,145,3.6029999260000003,0.368610263,0.640449822,0.27732113,0.030369857000000004,0.489203781,0.09987215,
2017,Yemen,146,3.592999935,0.5916834470000001,0.9353822470000001,0.31008091600000004,0.249463722,0.10412520900000001,0.056767423,
2017,South Sudan,147,3.59100008,0.397248626,0.601323128,0.163486004,0.147062436,0.28567081699999997,0.116793513,
2017,Liberia,148,3.5329999919999997,0.119041793,0.8721179370000001,0.229918197,0.332881182,0.266549885,0.038948249,
2017,Guinea,149,3.5069999689999998,0.24454993,0.791244686,0.19412913899999998,0.34858751299999996,0.264815092,0.110937618,
2017,Togo,150,3.4949998860000004,0.305444717,0.43188253,0.247105569,0.380426139,0.19689615100000002,0.095665015,
2017,Rwanda,151,3.4709999560000004,0.368745893,0.945707023,0.326424807,0.581843853,0.252756029,0.455220014,
2017,Syria,152,3.461999893,0.7771531340000001,0.39610260700000005,0.500533342,0.081539445,0.49366372799999997,0.151347131,
2017,Tanzania,153,3.348999977,0.511135876,1.0419898029999999,0.364509284,0.390017778,0.35425636200000005,0.066035107,
2017,Burundi,154,2.904999971,0.091622569,0.629793584,0.151610792,0.059900753,0.204435185,0.084147945,
2017,Central African Republic,155,2.6930000780000003,0.0,0.0,0.018772686,0.270842046,0.280876487,0.056565076,
2018,Finland,1,7.632000000000001,1.305,,0.8740000000000001,0.6809999999999999,0.20199999999999999,0.39299999999999996,1.5919999999999999
2018,Norway,2,7.593999999999999,1.456,,0.861,0.6859999999999999,0.28600000000000003,0.34,1.5819999999999999
2018,Denmark,3,7.555,1.351,,0.868,0.6829999999999999,0.284,0.408,1.59
2018,Iceland,4,7.495,1.3430000000000002,,0.914,0.677,0.353,0.138,1.6440000000000001
2018,Switzerland,5,7.487,1.42,,0.927,0.66,0.256,0.35700000000000004,1.5490000000000002
2018,Netherlands,6,7.441,1.361,,0.878,0.638,0.33299999999999996,0.295,1.4880000000000002
2018,Canada,7,7.327999999999999,1.33,,0.8959999999999999,0.653,0.321,0.29100000000000004,1.5319999999999998
2018,New Zealand,8,7.324,1.268,,0.8759999999999999,0.669,0.365,0.389,1.601
2018,Sweden,9,7.314,1.355,,0.9129999999999999,0.659,0.285,0.38299999999999995,1.501
2018,Australia,10,7.272,1.34,,0.91,0.647,0.361,0.302,1.5730000000000002
2018,United Kingdom,11,7.19,1.244,,0.888,0.46399999999999997,0.262,0.08199999999999999,1.433
2018,Austria,12,7.138999999999999,1.341,,0.8909999999999999,0.617,0.242,0.22399999999999998,1.504
2018,Costa Rica,13,7.072,1.01,,0.8170000000000001,0.632,0.14300000000000002,0.10099999999999999,1.459
2018,Ireland,14,6.977,1.4480000000000002,,0.8759999999999999,0.614,0.307,0.306,1.5830000000000002
2018,Germany,15,6.965,1.34,,0.861,0.586,0.273,0.28,1.474
2018,Belgium,16,6.9270000000000005,1.324,,0.894,0.583,0.188,0.24,1.483
2018,Luxembourg,17,6.91,1.5759999999999998,,0.8959999999999999,0.632,0.196,0.321,1.52
2018,United States,18,6.886,1.3980000000000001,,0.8190000000000001,0.547,0.29100000000000004,0.133,1.4709999999999999
2018,Israel,19,6.814,1.301,,0.883,0.5329999999999999,0.354,0.272,1.5590000000000002
2018,United Arab Emirates,20,6.774,2.096,,0.67,0.284,0.18600000000000003,,0.7759999999999999
2018,Czech Republic,21,6.711,1.2329999999999999,,0.8540000000000001,0.5429999999999999,0.064,0.034,1.489
2018,Malta,22,6.627000000000001,1.27,,0.884,0.645,0.376,0.142,1.525
2018,France,23,6.489,1.2930000000000001,,0.9079999999999999,0.52,0.098,0.17600000000000002,1.466
2018,Mexico,24,6.4879999999999995,1.038,,0.7609999999999999,0.479,0.069,0.095,1.252
2018,Chile,25,6.476,1.131,,0.8079999999999999,0.431,0.19699999999999998,0.061,1.331
2018,Taiwan,26,6.441,1.365,,0.857,0.418,0.151,0.078,1.436
2018,Panama,27,6.43,1.112,,0.759,0.597,0.125,0.063,1.4380000000000002
2018,Brazil,28,6.419,0.986,,0.675,0.493,0.11,0.08800000000000001,1.474
2018,Argentina,29,6.388,1.073,,0.7440000000000001,0.57,0.062,0.054000000000000006,1.4680000000000002
2018,Guatemala,30,6.382000000000001,0.7809999999999999,,0.608,0.604,0.179,0.071,1.268
2018,Uruguay,31,6.379,1.093,,0.7709999999999999,0.625,0.13,0.155,1.459
2018,Qatar,32,6.374,1.649,,0.748,0.654,0.256,0.171,1.3030000000000002
2018,Saudi Arabia,33,6.371,1.379,,0.633,0.509,0.098,0.127,1.331
2018,Singapore,34,6.343,1.5290000000000001,,1.008,0.631,0.261,0.457,1.4509999999999998
2018,Malaysia,35,6.322,1.161,,0.669,0.35600000000000004,0.311,0.059000000000000004,1.258
2018,Spain,36,6.31,1.251,,0.965,0.449,0.142,0.07400000000000001,1.538
2018,Colombia,37,6.26,0.96,,0.635,0.531,0.099,0.039,1.439
2018,Trinidad & Tobago,38,6.192,1.2229999999999999,,0.564,0.575,0.171,0.019,1.492
2018,Slovakia,39,6.172999999999999,1.21,,0.7759999999999999,0.354,0.11800000000000001,0.013999999999999999,1.537
2018,El Salvador,40,6.167000000000001,0.8059999999999999,,0.639,0.461,0.065,0.08199999999999999,1.2309999999999999
2018,Nicaragua,41,6.141,0.6679999999999999,,0.7,0.527,0.20800000000000002,0.128,1.319
2018,Poland,42,6.122999999999999,1.176,,0.7809999999999999,0.546,0.10800000000000001,0.064,1.4480000000000002
2018,Bahrain,43,6.105,1.338,,0.698,0.594,0.243,0.12300000000000001,1.3659999999999999
2018,Uzbekistan,44,6.096,0.7190000000000001,,0.605,0.7240000000000001,0.32799999999999996,0.259,1.584
2018,Kuwait,45,6.082999999999999,1.474,,0.675,0.5539999999999999,0.16699999999999998,0.106,1.301
2018,Thailand,46,6.072,1.016,,0.7070000000000001,0.637,0.364,0.028999999999999998,1.4169999999999998
2018,Italy,47,6.0,1.264,,0.946,0.281,0.13699999999999998,0.027999999999999997,1.501
2018,Ecuador,48,5.973,0.889,,0.736,0.556,0.114,0.12,1.33
2018,Belize,49,5.956,0.807,,0.474,0.593,0.183,0.08900000000000001,1.101
2018,Lithuania,50,5.952000000000001,1.197,,0.716,0.35,0.026000000000000002,0.006,1.527
2018,Slovenia,51,5.9479999999999995,1.219,,0.856,0.633,0.16,0.051,1.506
2018,Romania,52,5.945,1.1159999999999999,,0.726,0.528,0.08800000000000001,0.001,1.219
2018,Latvia,53,5.933,1.148,,0.6709999999999999,0.363,0.092,0.066,1.454
2018,Japan,54,5.915,1.294,,0.988,0.5529999999999999,0.079,0.15,1.462
2018,Mauritius,55,5.891,1.09,,0.684,0.584,0.245,0.05,1.3869999999999998
2018,Jamaica,56,5.89,0.8190000000000001,,0.693,0.575,0.096,0.031,1.493
2018,South Korea,57,5.875,1.266,,0.955,0.244,0.175,0.051,1.204
2018,Northern Cyprus,58,5.835,1.229,,0.909,0.495,0.179,0.154,1.2109999999999999
2018,Russia,59,5.81,1.151,,0.599,0.39899999999999997,0.065,0.025,1.479
2018,Kazakhstan,60,5.79,1.143,,0.631,0.45399999999999996,0.14800000000000002,0.121,1.516
2018,Cyprus,61,5.7620000000000005,1.229,,0.909,0.423,0.20199999999999999,0.035,1.1909999999999998
2018,Bolivia,62,5.752000000000001,0.7509999999999999,,0.508,0.606,0.141,0.054000000000000006,1.2229999999999999
2018,Estonia,63,5.739,1.2,,0.737,0.5529999999999999,0.086,0.174,1.5319999999999998
2018,Paraguay,64,5.681,0.835,,0.615,0.541,0.162,0.07400000000000001,1.5219999999999998
2018,Peru,65,5.662999999999999,0.934,,0.674,0.53,0.092,0.034,1.249
2018,Kosovo,66,5.662000000000001,0.855,,0.578,0.44799999999999995,0.27399999999999997,0.023,1.23
2018,Moldova,67,5.64,0.657,,0.62,0.23199999999999998,0.171,0.0,1.301
2018,Turkmenistan,68,5.636,1.016,,0.517,0.41700000000000004,0.19899999999999998,0.037000000000000005,1.5330000000000001
2018,Hungary,69,5.62,1.171,,0.732,0.259,0.061,0.022000000000000002,1.401
2018,Libya,70,5.566,0.985,,0.5529999999999999,0.496,0.11599999999999999,0.14800000000000002,1.35
2018,Philippines,71,5.524,0.775,,0.513,0.643,0.12,0.105,1.3119999999999998
2018,Honduras,72,5.504,0.62,,0.622,0.45899999999999996,0.19699999999999998,0.07400000000000001,1.205
2018,Belarus,73,5.483,1.0390000000000001,,0.7,0.307,0.10099999999999999,0.154,1.4980000000000002
2018,Turkey,74,5.483,1.148,,0.6859999999999999,0.324,0.106,0.109,1.38
2018,Pakistan,75,5.472,0.652,,0.424,0.33399999999999996,0.21600000000000003,0.113,0.81
2018,Hong Kong,76,5.43,1.405,,1.03,0.524,0.24600000000000002,0.29100000000000004,1.29
2018,Portugal,77,5.41,1.188,,0.884,0.562,0.055,0.017,1.429
2018,Serbia,78,5.398,0.975,,0.685,0.28800000000000003,0.134,0.043,1.369
2018,Greece,79,5.358,1.1540000000000001,,0.879,0.131,0.0,0.044000000000000004,1.202
2018,Lebanon,80,5.358,0.965,,0.785,0.503,0.214,0.136,1.179
2018,Montenegro,81,5.347,1.0170000000000001,,0.7290000000000001,0.259,0.111,0.081,1.2790000000000001
2018,Croatia,82,5.321000000000001,1.115,,0.737,0.38,0.12,0.039,1.161
2018,Dominican Republic,83,5.3020000000000005,0.982,,0.614,0.578,0.12,0.106,1.4409999999999998
2018,Algeria,84,5.295,0.9790000000000001,,0.687,0.077,0.055,0.135,1.1540000000000001
2018,Morocco,85,5.254,0.779,,0.669,0.46,0.026000000000000002,0.07400000000000001,0.797
2018,China,86,5.246,0.9890000000000001,,0.799,0.597,0.028999999999999998,0.10300000000000001,1.1420000000000001
2018,Azerbaijan,87,5.2010000000000005,1.024,,0.603,0.43,0.031,0.17600000000000002,1.161
2018,Tajikistan,88,5.199,0.474,,0.598,0.292,0.187,0.034,1.166
2018,Macedonia,89,5.185,0.9590000000000001,,0.691,0.39399999999999996,0.17300000000000001,0.052000000000000005,1.239
2018,Jordan,90,5.1610000000000005,0.8220000000000001,,0.645,0.46799999999999997,0.13,0.134,1.265
2018,Nigeria,91,5.155,0.6890000000000001,,0.048,0.462,0.201,0.032,1.172
2018,Kyrgyzstan,92,5.131,0.53,,0.594,0.54,0.281,0.035,1.416
2018,Bosnia and Herzegovina,93,5.129,0.915,,0.758,0.28,0.21600000000000003,0.0,1.078
2018,Mongolia,94,5.125,0.914,,0.575,0.395,0.253,0.032,1.517
2018,Vietnam,95,5.103,0.715,,0.7020000000000001,0.618,0.177,0.079,1.365
2018,Indonesia,96,5.093,0.899,,0.522,0.5379999999999999,0.484,0.018000000000000002,1.215
2018,Bhutan,97,5.082,0.7959999999999999,,0.527,0.541,0.364,0.171,1.335
2018,Somalia,98,4.982,0.0,,0.115,0.674,0.23800000000000002,0.282,0.7120000000000001
2018,Cameroon,99,4.975,0.535,,0.182,0.45399999999999996,0.183,0.043,0.8909999999999999
2018,Bulgaria,100,4.933,1.054,,0.7120000000000001,0.359,0.064,0.009000000000000001,1.515
2018,Nepal,101,4.88,0.425,,0.539,0.526,0.302,0.078,1.228
2018,Venezuela,102,4.806,0.996,,0.657,0.133,0.055999999999999994,0.052000000000000005,1.469
2018,Gabon,103,4.758,1.036,,0.40399999999999997,0.35600000000000004,0.032,0.052000000000000005,1.1640000000000001
2018,Palestinian Territories,104,4.743,0.642,,0.602,0.266,0.086,0.076,1.217
2018,South Africa,105,4.724,0.94,,0.33,0.516,0.10300000000000001,0.055999999999999994,1.41
2018,Iran,106,4.707,1.0590000000000002,,0.691,0.45899999999999996,0.282,0.129,0.7709999999999999
2018,Ivory Coast,107,4.671,0.541,,0.08,0.467,0.146,0.10300000000000001,0.872
2018,Ghana,108,4.657,0.5920000000000001,,0.337,0.499,0.212,0.028999999999999998,0.8959999999999999
2018,Senegal,109,4.631,0.429,,0.433,0.406,0.138,0.08199999999999999,1.117
2018,Laos,110,4.623,0.72,,0.441,0.626,0.23,0.174,1.034
2018,Tunisia,111,4.592,0.9,,0.69,0.271,0.04,0.063,0.9059999999999999
2018,Albania,112,4.586,0.9159999999999999,,0.79,0.419,0.149,0.032,0.8170000000000001
2018,Sierra Leone,113,4.571000000000001,0.256,,0.0,0.355,0.23800000000000002,0.053,0.813
2018,Congo (Brazzaville),114,4.559,0.682,,0.34299999999999997,0.514,0.091,0.077,0.8109999999999999
2018,Bangladesh,115,4.5,0.532,,0.579,0.58,0.153,0.14400000000000002,0.85
2018,Sri Lanka,116,4.471,0.9179999999999999,,0.672,0.585,0.307,0.05,1.314
2018,Iraq,117,4.456,1.01,,0.536,0.304,0.14800000000000002,0.095,0.971
2018,Mali,118,4.447,0.37,,0.152,0.36700000000000005,0.139,0.055999999999999994,1.2329999999999999
2018,Namibia,119,4.441,0.8740000000000001,,0.365,0.519,0.051,0.064,1.281
2018,Cambodia,120,4.433,0.5489999999999999,,0.457,0.696,0.256,0.065,1.088
2018,Burkina Faso,121,4.4239999999999995,0.314,,0.254,0.312,0.175,0.128,1.097
2018,Egypt,122,4.419,0.885,,0.5529999999999999,0.312,0.092,0.107,1.025
2018,Mozambique,123,4.417,0.198,,0.17300000000000001,0.531,0.20600000000000002,0.158,0.902
2018,Kenya,124,4.41,0.493,,0.45399999999999996,0.504,0.35200000000000004,0.055,1.048
2018,Zambia,125,4.377,0.562,,0.295,0.503,0.221,0.08199999999999999,1.047
2018,Mauritania,126,4.356,0.557,,0.292,0.129,0.134,0.09300000000000001,1.245
2018,Ethiopia,127,4.35,0.308,,0.391,0.452,0.22,0.146,0.95
2018,Georgia,128,4.34,0.853,,0.643,0.375,0.038,0.215,0.5920000000000001
2018,Armenia,129,4.321000000000001,0.816,,0.6659999999999999,0.26,0.077,0.027999999999999997,0.99
2018,Myanmar,130,4.308,0.682,,0.429,0.58,0.598,0.17800000000000002,1.1740000000000002
2018,Chad,131,4.301,0.358,,0.053,0.18899999999999997,0.18100000000000002,0.06,0.907
2018,Congo (Kinshasa),132,4.245,0.069,,0.204,0.312,0.19699999999999998,0.052000000000000005,1.136
2018,India,133,4.19,0.721,,0.485,0.539,0.172,0.09300000000000001,0.747
2018,Niger,134,4.166,0.131,,0.221,0.39,0.175,0.099,0.867
2018,Uganda,135,4.1610000000000005,0.322,,0.237,0.45,0.259,0.061,1.09
2018,Benin,136,4.141,0.37799999999999995,,0.24,0.44,0.163,0.067,0.37200000000000005
2018,Sudan,137,4.138999999999999,0.605,,0.312,0.016,0.134,0.08199999999999999,1.24
2018,Ukraine,138,4.103,0.7929999999999999,,0.609,0.163,0.187,0.011000000000000001,1.413
2018,Togo,139,3.9989999999999997,0.259,,0.253,0.434,0.158,0.10099999999999999,0.474
2018,Guinea,140,3.964,0.344,,0.21100000000000002,0.39399999999999996,0.185,0.094,0.792
2018,Lesotho,141,3.8080000000000003,0.47200000000000003,,0.079,0.423,0.11599999999999999,0.11199999999999999,1.215
2018,Angola,142,3.795,0.73,,0.26899999999999996,0.0,0.079,0.061,1.125
2018,Madagascar,143,3.7739999999999996,0.262,,0.402,0.221,0.155,0.049,0.9079999999999999
2018,Zimbabwe,144,3.6919999999999997,0.35700000000000004,,0.248,0.406,0.132,0.099,1.094
2018,Afghanistan,145,3.6319999999999997,0.332,,0.255,0.085,0.191,0.036000000000000004,0.537
2018,Botswana,146,3.59,1.0170000000000001,,0.41700000000000004,0.557,0.042,0.092,1.1740000000000002
2018,Malawi,147,3.5869999999999997,0.18600000000000003,,0.306,0.531,0.21,0.08,0.541
2018,Haiti,148,3.582,0.315,,0.289,0.025,0.392,0.10400000000000001,0.7140000000000001
2018,Liberia,149,3.495,0.076,,0.267,0.419,0.20600000000000002,0.03,0.858
2018,Syria,150,3.4619999999999997,0.6890000000000001,,0.539,0.08800000000000001,0.376,0.14400000000000002,0.382
2018,Rwanda,151,3.408,0.332,,0.4,0.636,0.2,0.444,0.8959999999999999
2018,Yemen,152,3.355,0.442,,0.34299999999999997,0.244,0.083,0.064,1.073
2018,Tanzania,153,3.303,0.455,,0.381,0.48100000000000004,0.27,0.09699999999999999,0.991
2018,South Sudan,154,3.2539999999999996,0.337,,0.177,0.11199999999999999,0.22399999999999998,0.106,0.608
2018,Central African Republic,155,3.083,0.024,,0.01,0.305,0.218,0.038,0.0
2018,Burundi,156,2.905,0.091,,0.145,0.065,0.149,0.076,0.627
2019,Finland,1,7.769,1.34,,0.986,0.596,0.153,0.39299999999999996,1.587
2019,Denmark,2,7.6,1.383,,0.996,0.5920000000000001,0.252,0.41,1.5730000000000002
2019,Norway,3,7.553999999999999,1.4880000000000002,,1.028,0.603,0.271,0.341,1.5819999999999999
2019,Iceland,4,7.494,1.38,,1.026,0.591,0.354,0.11800000000000001,1.624
2019,Netherlands,5,7.4879999999999995,1.396,,0.9990000000000001,0.557,0.322,0.298,1.5219999999999998
2019,Switzerland,6,7.48,1.452,,1.052,0.5720000000000001,0.263,0.34299999999999997,1.526
2019,Sweden,7,7.343,1.3869999999999998,,1.0090000000000001,0.574,0.267,0.373,1.4869999999999999
2019,New Zealand,8,7.307,1.3030000000000002,,1.026,0.585,0.33,0.38,1.557
2019,Canada,9,7.278,1.365,,1.0390000000000001,0.584,0.285,0.308,1.505
2019,Austria,10,7.246,1.376,,1.016,0.532,0.244,0.226,1.475
2019,Australia,11,7.228,1.3719999999999999,,1.036,0.557,0.332,0.29,1.548
2019,Costa Rica,12,7.167000000000001,1.034,,0.963,0.5579999999999999,0.14400000000000002,0.09300000000000001,1.4409999999999998
2019,Israel,13,7.138999999999999,1.276,,1.0290000000000001,0.371,0.261,0.08199999999999999,1.455
2019,Luxembourg,14,7.09,1.609,,1.012,0.526,0.19399999999999998,0.316,1.479
2019,United Kingdom,15,7.053999999999999,1.3330000000000002,,0.996,0.45,0.348,0.278,1.538
2019,Ireland,16,7.021,1.499,,0.9990000000000001,0.516,0.298,0.31,1.5530000000000002
2019,Germany,17,6.985,1.3730000000000002,,0.987,0.495,0.261,0.265,1.454
2019,Belgium,18,6.922999999999999,1.3559999999999999,,0.986,0.473,0.16,0.21,1.504
2019,United States,19,6.892,1.433,,0.8740000000000001,0.45399999999999996,0.28,0.128,1.4569999999999999
2019,Czech Republic,20,6.852,1.2690000000000001,,0.92,0.457,0.046,0.036000000000000004,1.4869999999999999
2019,United Arab Emirates,21,6.825,1.5030000000000001,,0.825,0.598,0.262,0.182,1.31
2019,Malta,22,6.726,1.3,,0.9990000000000001,0.564,0.375,0.151,1.52
2019,Mexico,23,6.595,1.07,,0.861,0.433,0.07400000000000001,0.073,1.3230000000000002
2019,France,24,6.5920000000000005,1.324,,1.045,0.436,0.111,0.183,1.472
2019,Taiwan,25,6.446000000000001,1.368,,0.914,0.35100000000000003,0.242,0.09699999999999999,1.43
2019,Chile,26,6.444,1.159,,0.92,0.35700000000000004,0.187,0.055999999999999994,1.369
2019,Guatemala,27,6.436,0.8,,0.746,0.535,0.175,0.078,1.2690000000000001
2019,Saudi Arabia,28,6.375,1.403,,0.795,0.439,0.08,0.132,1.357
2019,Qatar,29,6.374,1.6840000000000002,,0.871,0.555,0.22,0.16699999999999998,1.3130000000000002
2019,Spain,30,6.354,1.286,,1.062,0.36200000000000004,0.153,0.079,1.484
2019,Panama,31,6.321000000000001,1.149,,0.91,0.516,0.109,0.054000000000000006,1.442
2019,Brazil,32,6.3,1.004,,0.802,0.39,0.099,0.086,1.439
2019,Uruguay,33,6.292999999999999,1.124,,0.8909999999999999,0.523,0.127,0.15,1.465
2019,Singapore,34,6.2620000000000005,1.5719999999999998,,1.141,0.556,0.271,0.45299999999999996,1.463
2019,El Salvador,35,6.252999999999999,0.794,,0.789,0.43,0.09300000000000001,0.07400000000000001,1.242
2019,Italy,36,6.223,1.294,,1.0390000000000001,0.231,0.158,0.03,1.4880000000000002
2019,Bahrain,37,6.199,1.3619999999999999,,0.871,0.536,0.255,0.11,1.368
2019,Slovakia,38,6.1979999999999995,1.246,,0.8809999999999999,0.33399999999999996,0.121,0.013999999999999999,1.504
2019,Trinidad & Tobago,39,6.192,1.2309999999999999,,0.713,0.489,0.185,0.016,1.4769999999999999
2019,Poland,40,6.182,1.206,,0.884,0.483,0.11699999999999999,0.05,1.4380000000000002
2019,Uzbekistan,41,6.1739999999999995,0.745,,0.7559999999999999,0.631,0.322,0.24,1.5290000000000001
2019,Lithuania,42,6.149,1.238,,0.818,0.29100000000000004,0.043,0.042,1.515
2019,Colombia,43,6.125,0.985,,0.841,0.47,0.099,0.034,1.41
2019,Slovenia,44,6.117999999999999,1.258,,0.953,0.564,0.14400000000000002,0.057,1.5230000000000001
2019,Nicaragua,45,6.105,0.6940000000000001,,0.835,0.435,0.2,0.127,1.325
2019,Kosovo,46,6.1,0.882,,0.758,0.489,0.262,0.006,1.232
2019,Argentina,47,6.086,1.092,,0.8809999999999999,0.47100000000000003,0.066,0.05,1.432
2019,Romania,48,6.07,1.162,,0.825,0.462,0.083,0.005,1.232
2019,Cyprus,49,6.046,1.263,,1.042,0.406,0.19,0.040999999999999995,1.2229999999999999
2019,Ecuador,50,6.028,0.912,,0.868,0.498,0.126,0.087,1.3119999999999998
2019,Kuwait,51,6.021,1.5,,0.8079999999999999,0.493,0.142,0.09699999999999999,1.319
2019,Thailand,52,6.007999999999999,1.05,,0.828,0.557,0.359,0.027999999999999997,1.409
2019,Latvia,53,5.94,1.187,,0.812,0.264,0.075,0.064,1.465
2019,South Korea,54,5.895,1.301,,1.036,0.159,0.175,0.055999999999999994,1.219
2019,Estonia,55,5.893,1.237,,0.8740000000000001,0.495,0.10300000000000001,0.161,1.528
2019,Jamaica,56,5.89,0.831,,0.831,0.49,0.107,0.027999999999999997,1.4780000000000002
2019,Mauritius,57,5.888,1.12,,0.7979999999999999,0.498,0.215,0.06,1.402
2019,Japan,58,5.886,1.327,,1.088,0.445,0.069,0.14,1.419
2019,Honduras,59,5.86,0.642,,0.828,0.507,0.24600000000000002,0.078,1.236
2019,Kazakhstan,60,5.809,1.173,,0.7290000000000001,0.41,0.146,0.096,1.508
2019,Bolivia,61,5.779,0.7759999999999999,,0.706,0.511,0.13699999999999998,0.064,1.209
2019,Hungary,62,5.757999999999999,1.2009999999999998,,0.828,0.19899999999999998,0.081,0.02,1.41
2019,Paraguay,63,5.742999999999999,0.855,,0.777,0.514,0.184,0.08,1.475
2019,Northern Cyprus,64,5.718,1.263,,1.042,0.41700000000000004,0.191,0.162,1.252
2019,Peru,65,5.697,0.96,,0.8540000000000001,0.455,0.083,0.027000000000000003,1.274
2019,Portugal,66,5.693,1.2209999999999999,,0.9990000000000001,0.508,0.047,0.025,1.431
2019,Pakistan,67,5.653,0.677,,0.535,0.313,0.22,0.098,0.8859999999999999
2019,Russia,68,5.648,1.183,,0.726,0.33399999999999996,0.08199999999999999,0.031,1.452
2019,Philippines,69,5.631,0.807,,0.657,0.5579999999999999,0.11699999999999999,0.107,1.2930000000000001
2019,Serbia,70,5.603,1.004,,0.8540000000000001,0.282,0.13699999999999998,0.039,1.383
2019,Moldova,71,5.529,0.685,,0.7390000000000001,0.245,0.18100000000000002,0.0,1.328
2019,Libya,72,5.525,1.044,,0.6729999999999999,0.41600000000000004,0.133,0.152,1.3030000000000002
2019,Montenegro,73,5.523,1.051,,0.871,0.19699999999999998,0.142,0.08,1.361
2019,Tajikistan,74,5.4670000000000005,0.493,,0.718,0.389,0.23,0.14400000000000002,1.0979999999999999
2019,Croatia,75,5.432,1.155,,0.914,0.29600000000000004,0.11900000000000001,0.022000000000000002,1.266
2019,Hong Kong,76,5.43,1.4380000000000002,,1.122,0.44,0.258,0.287,1.2770000000000001
2019,Dominican Republic,77,5.425,1.015,,0.779,0.49700000000000005,0.113,0.10099999999999999,1.401
2019,Bosnia and Herzegovina,78,5.386,0.945,,0.845,0.212,0.263,0.006,1.212
2019,Turkey,79,5.372999999999999,1.183,,0.8079999999999999,0.195,0.083,0.106,1.36
2019,Malaysia,80,5.3389999999999995,1.2209999999999999,,0.828,0.508,0.26,0.024,1.171
2019,Belarus,81,5.3229999999999995,1.067,,0.789,0.235,0.094,0.142,1.465
2019,Greece,82,5.287000000000001,1.181,,0.9990000000000001,0.067,0.0,0.034,1.156
2019,Mongolia,83,5.285,0.948,,0.667,0.317,0.235,0.038,1.531
2019,North Macedonia,84,5.274,0.983,,0.838,0.345,0.185,0.034,1.294
2019,Nigeria,85,5.265,0.696,,0.245,0.426,0.215,0.040999999999999995,1.111
2019,Kyrgyzstan,86,5.261,0.551,,0.723,0.508,0.3,0.023,1.4380000000000002
2019,Turkmenistan,87,5.247000000000001,1.052,,0.657,0.39399999999999996,0.244,0.027999999999999997,1.538
2019,Algeria,88,5.211,1.002,,0.785,0.086,0.073,0.114,1.16
2019,Morocco,89,5.207999999999999,0.8009999999999999,,0.782,0.418,0.036000000000000004,0.076,0.782
2019,Azerbaijan,90,5.207999999999999,1.043,,0.769,0.35100000000000003,0.035,0.182,1.147
2019,Lebanon,91,5.197,0.987,,0.815,0.21600000000000003,0.166,0.027000000000000003,1.224
2019,Indonesia,92,5.192,0.9309999999999999,,0.66,0.491,0.498,0.027999999999999997,1.203
2019,China,93,5.191,1.0290000000000001,,0.893,0.521,0.057999999999999996,0.1,1.125
2019,Vietnam,94,5.175,0.741,,0.851,0.5429999999999999,0.147,0.073,1.3459999999999999
2019,Bhutan,95,5.082,0.813,,0.604,0.457,0.37,0.16699999999999998,1.321
2019,Cameroon,96,5.044,0.5489999999999999,,0.331,0.381,0.187,0.037000000000000005,0.91
2019,Bulgaria,97,5.011,1.092,,0.815,0.311,0.081,0.004,1.5130000000000001
2019,Ghana,98,4.996,0.611,,0.486,0.381,0.245,0.04,0.868
2019,Ivory Coast,99,4.944,0.569,,0.23199999999999998,0.35200000000000004,0.154,0.09,0.8079999999999999
2019,Nepal,100,4.913,0.446,,0.677,0.439,0.285,0.08900000000000001,1.226
2019,Jordan,101,4.906000000000001,0.8370000000000001,,0.815,0.38299999999999995,0.11,0.13,1.225
2019,Benin,102,4.883,0.39299999999999996,,0.397,0.349,0.175,0.08199999999999999,0.43700000000000006
2019,Congo (Brazzaville),103,4.812,0.6729999999999999,,0.508,0.37200000000000005,0.105,0.09300000000000001,0.799
2019,Gabon,104,4.7989999999999995,1.057,,0.5710000000000001,0.295,0.043,0.055,1.183
2019,Laos,105,4.796,0.764,,0.551,0.547,0.266,0.16399999999999998,1.03
2019,South Africa,106,4.7219999999999995,0.96,,0.469,0.389,0.13,0.055,1.351
2019,Albania,107,4.718999999999999,0.9470000000000001,,0.8740000000000001,0.38299999999999995,0.17800000000000002,0.027000000000000003,0.848
2019,Venezuela,108,4.707,0.96,,0.805,0.154,0.064,0.047,1.4269999999999998
2019,Cambodia,109,4.7,0.574,,0.637,0.609,0.23199999999999998,0.062,1.122
2019,Palestinian Territories,110,4.696000000000001,0.657,,0.672,0.225,0.10300000000000001,0.066,1.247
2019,Senegal,111,4.681,0.45,,0.5710000000000001,0.292,0.153,0.07200000000000001,1.1340000000000001
2019,Somalia,112,4.668,0.0,,0.268,0.5589999999999999,0.243,0.27,0.698
2019,Namibia,113,4.638999999999999,0.879,,0.47700000000000004,0.401,0.07,0.055999999999999994,1.3130000000000002
2019,Niger,114,4.628,0.138,,0.366,0.318,0.188,0.102,0.774
2019,Burkina Faso,115,4.587,0.331,,0.38,0.255,0.177,0.113,1.056
2019,Armenia,116,4.559,0.85,,0.815,0.28300000000000003,0.095,0.064,1.055
2019,Iran,117,4.548,1.1,,0.785,0.305,0.27,0.125,0.8420000000000001
2019,Guinea,118,4.534,0.38,,0.375,0.332,0.207,0.086,0.8290000000000001
2019,Georgia,119,4.519,0.8859999999999999,,0.752,0.34600000000000003,0.043,0.16399999999999998,0.6659999999999999
2019,Gambia,120,4.516,0.308,,0.428,0.382,0.26899999999999996,0.16699999999999998,0.9390000000000001
2019,Kenya,121,4.5089999999999995,0.512,,0.581,0.431,0.37200000000000005,0.053,0.983
2019,Mauritania,122,4.49,0.57,,0.489,0.066,0.106,0.08800000000000001,1.167
2019,Mozambique,123,4.466,0.204,,0.39,0.494,0.19699999999999998,0.138,0.986
2019,Tunisia,124,4.461,0.9209999999999999,,0.815,0.16699999999999998,0.059000000000000004,0.055,1.0
2019,Bangladesh,125,4.456,0.562,,0.723,0.527,0.166,0.14300000000000002,0.9279999999999999
2019,Iraq,126,4.437,1.043,,0.574,0.24100000000000002,0.14800000000000002,0.08900000000000001,0.98
2019,Congo (Kinshasa),127,4.418,0.094,,0.35700000000000004,0.26899999999999996,0.212,0.053,1.125
2019,Mali,128,4.39,0.385,,0.308,0.327,0.153,0.052000000000000005,1.105
2019,Sierra Leone,129,4.374,0.268,,0.242,0.309,0.252,0.045,0.841
2019,Sri Lanka,130,4.3660000000000005,0.9490000000000001,,0.831,0.47,0.244,0.047,1.265
2019,Myanmar,131,4.36,0.71,,0.555,0.525,0.5660000000000001,0.172,1.181
2019,Chad,132,4.35,0.35,,0.192,0.174,0.198,0.078,0.7659999999999999
2019,Ukraine,133,4.332,0.82,,0.7390000000000001,0.17800000000000002,0.187,0.01,1.39
2019,Ethiopia,134,4.2860000000000005,0.336,,0.532,0.344,0.209,0.1,1.033
2019,Swaziland,135,4.212,0.8109999999999999,,0.0,0.313,0.07400000000000001,0.135,1.149
2019,Uganda,136,4.189,0.332,,0.44299999999999995,0.35600000000000004,0.252,0.06,1.069
2019,Egypt,137,4.166,0.9129999999999999,,0.644,0.24100000000000002,0.076,0.067,1.0390000000000001
2019,Zambia,138,4.107,0.578,,0.426,0.431,0.247,0.087,1.058
2019,Togo,139,4.085,0.275,,0.41,0.293,0.177,0.085,0.5720000000000001
2019,India,140,4.015,0.755,,0.588,0.498,0.2,0.085,0.765
2019,Liberia,141,3.975,0.073,,0.44299999999999995,0.37,0.233,0.033,0.922
2019,Comoros,142,3.9730000000000003,0.27399999999999997,,0.505,0.142,0.275,0.078,0.757
2019,Madagascar,143,3.9330000000000003,0.27399999999999997,,0.555,0.14800000000000002,0.16899999999999998,0.040999999999999995,0.9159999999999999
2019,Lesotho,144,3.802,0.489,,0.168,0.359,0.107,0.09300000000000001,1.169
2019,Burundi,145,3.775,0.046,,0.38,0.22,0.17600000000000002,0.18,0.447
2019,Zimbabwe,146,3.6630000000000003,0.366,,0.433,0.361,0.151,0.08900000000000001,1.114
2019,Haiti,147,3.597,0.32299999999999995,,0.449,0.026000000000000002,0.419,0.11,0.688
2019,Botswana,148,3.488,1.041,,0.5379999999999999,0.455,0.025,0.1,1.145
2019,Syria,149,3.4619999999999997,0.619,,0.44,0.013000000000000001,0.331,0.141,0.37799999999999995
2019,Malawi,150,3.41,0.191,,0.495,0.44299999999999995,0.218,0.08900000000000001,0.56
2019,Yemen,151,3.38,0.287,,0.46299999999999997,0.14300000000000002,0.10800000000000001,0.077,1.163
2019,Rwanda,152,3.3339999999999996,0.359,,0.614,0.555,0.217,0.41100000000000003,0.711
2019,Tanzania,153,3.2310000000000003,0.47600000000000003,,0.499,0.41700000000000004,0.276,0.147,0.885
2019,Afghanistan,154,3.2030000000000003,0.35,,0.361,0.0,0.158,0.025,0.517
2019,Central African Republic,155,3.083,0.026000000000000002,,0.105,0.225,0.235,0.035,0.0
2019,South Sudan,156,2.853,0.306,,0.295,0.01,0.20199999999999999,0.091,0.575
