country,happiness_rank,happiness_score,gdp_per_capita,family,life_expectancy,freedom,generosity,government_corr,social_support,continent,year,population
Switzerland,1,7.587,1.39651,1.34951,0.94143,0.66557,0.29678,0.41978,,Europe,2015,8296.775
Iceland,2,7.561,1.30232,1.40223,0.94784,0.62877,0.4363,0.14145,,Europe,2015,330.237
Denmark,3,7.527,1.32548,1.36058,0.87464,0.64938,0.34139,0.48357,,Europe,2015,5688.695
Norway,4,7.522,1.459,1.33095,0.88521,0.66973,0.34699,0.36503,,Europe,2015,5199.827
Canada,5,7.427,1.32629,1.32261,0.90563,0.63297,0.45811,0.32957,,North America,2015,36026.668
Finland,6,7.406,1.29025,1.31826,0.88911,0.64169,0.23351,0.41372,,Europe,2015,5481.128
Netherlands,7,7.378,1.32944,1.28017,0.89284,0.61576,0.4761,0.31814,,Europe,2015,16938.492
Sweden,8,7.364,1.33171,1.28907,0.91087,0.6598,0.36262,0.43844,,Europe,2015,9764.949
New Zealand,9,7.286,1.25018,1.31967,0.90837,0.63938,0.47501,0.42922,,Oceania,2015,4614.527
Australia,10,7.284,1.33358,1.30923,0.93156,0.65124,0.43562,0.35637,,Oceania,2015,23932.499
Israel,11,7.278,1.22857,1.22393,0.91387,0.41319,0.33172,0.07785,,Asia,2015,7978.496
Costa Rica,12,7.226,0.95578,1.23788,0.86027,0.63376,0.25497,0.10583,,North America,2015,4847.805
Austria,13,7.2,1.33723,1.29704,0.89042,0.62433,0.33088,0.18676,,Europe,2015,8678.667
Mexico,14,7.187,1.02054,0.91451,0.81444,0.48181,0.14074,0.21312,,North America,2015,121858.251
United States,15,7.119,1.39451,1.24711,0.86179,0.54604,0.40105,0.1589,,North America,2015,320878.312
Brazil,16,6.983,0.98124,1.23287,0.69702,0.49049,0.14574,0.17521,,South America,2015,204471.759
Luxembourg,17,6.946,1.56391,1.21963,0.91894,0.61583,0.28034,0.37798,,Europe,2015,566.741
Ireland,18,6.94,1.33596,1.36948,0.89533,0.61777,0.45901,0.28703,,Europe,2015,4652.420
Belgium,19,6.937,1.30782,1.28566,0.89667,0.5845,0.2225,0.2254,,Europe,2015,11287.931
United Arab Emirates,20,6.901,1.42727,1.12575,0.80925,0.64157,0.26428,0.38583,,Asia,2015,9262.896
United Kingdom,21,6.867,1.26637,1.28548,0.90943,0.59625,0.51912,0.32067,,Europe,2015,65860.149
Oman,22,6.853,1.36011,1.08182,0.76276,0.63274,0.21542,0.32524,,Asia,2015,4267.341
Venezuela,23,6.81,1.04424,1.25596,0.72052,0.42908,0.05841,0.11069,,South America,2015,30081.827
Singapore,24,6.798,1.52186,1.02,1.02525,0.54252,0.31105,0.4921,,Asia,2015,5592.143
Panama,25,6.786,1.06353,1.1985,0.79661,0.5421,0.24434,0.0927,,North America,2015,3968.490
Germany,26,6.75,1.32792,1.29937,0.89186,0.61477,0.28214,0.21843,,Europe,2015,81787.411
Chile,27,6.67,1.10715,1.12447,0.85857,0.44132,0.33363,0.12869,,South America,2015,17969.356
Qatar,28,6.611,1.69042,1.0786,0.79733,0.6404,0.32573,0.52208,,Asia,2015,2565.708
France,29,6.575,1.27778,1.26038,0.94579,0.55011,0.12332,0.20646,,Europe,2015,64453.194
Argentina,30,6.574,1.05351,1.24823,0.78723,0.44974,0.11451,0.08484,,South America,2015,43075.416
Czech Republic,31,6.505,1.17898,1.20643,0.84483,0.46364,0.10686,0.02652,,Europe,2015,10601.390
Uruguay,32,6.485,1.06166,1.2089,0.8116,0.60362,0.2324,0.24558,,South America,2015,3412.013
Colombia,33,6.477,0.91861,1.24018,0.69077,0.53466,0.18401,0.0512,,South America,2015,47520.667
Thailand,34,6.455,0.9669,1.26504,0.7385,0.55664,0.5763,0.03187,,Asia,2015,68714.519
Saudi Arabia,35,6.411,1.39541,1.08393,0.72025,0.31048,0.13706,0.32524,,Asia,2015,31717.676
Spain,36,6.329,1.23011,1.31379,0.95562,0.45951,0.18227,0.06398,,Europe,2015,46671.919
Malta,37,6.302,1.2074,1.30203,0.88721,0.60365,0.51752,0.13586,,Europe,2015,433.559
Taiwan,38,6.298,1.29098,1.07617,0.8753,0.3974,0.25376,0.08129,,Asia,2015,23557.473
Kuwait,39,6.295,1.55422,1.16594,0.72492,0.55499,0.16228,0.25609,,Asia,2015,3835.588
Suriname,40,6.269,0.99534,0.972,0.6082,0.59657,0.16991,0.13633,,South America,2015,559.136
Trinidad and Tobago,41,6.168,1.21183,1.18354,0.61483,0.55884,0.31844,0.0114,,North America,2015,1370.332
El Salvador,42,6.13,0.76454,1.02507,0.67737,0.4035,0.10692,0.11776,,North America,2015,6325.121
Guatemala,43,6.123,0.74553,1.04356,0.64425,0.57733,0.27489,0.09472,,North America,2015,16252.425
Uzbekistan,44,6.003,0.63244,1.34043,0.59772,0.65821,0.22837,0.30826,,Asia,2015,30929.556
Slovakia,45,5.995,1.16891,1.26999,0.78902,0.31751,0.16893,0.03431,,Europe,2015,5435.614
Japan,46,5.987,1.27074,1.25712,0.99111,0.49615,0.10705,0.1806,,Asia,2015,127985.139
South Korea,47,5.984,1.24461,0.95774,0.96538,0.33208,0.18557,0.07857,,Asia,2015,25183.832
Ecuador,48,5.975,0.86402,0.99903,0.79075,0.48574,0.11541,0.1809,,South America,2015,16212.022
Bahrain,49,5.96,1.32376,1.21624,0.74716,0.45492,0.17362,0.306,,Asia,2015,1371.853
Italy,50,5.948,1.25114,1.19777,0.95446,0.26236,0.22823,0.02901,,Europe,2015,60578.489
Bolivia,51,5.89,0.68133,0.97841,0.5392,0.57414,0.20536,0.088,,South America,2015,10869.732
Moldova,52,5.889,0.59448,1.01528,0.61826,0.32818,0.20951,0.01615,,Europe,2015,4070.705
Paraguay,53,5.878,0.75985,1.30477,0.66098,0.53899,0.3424,0.08242,,South America,2015,6688.746
Kazakhstan,54,5.855,1.12254,1.12241,0.64368,0.51649,0.11827,0.08454,,Asia,2015,17572.010
Slovenia,55,5.848,1.18498,1.27385,0.87337,0.60855,0.25328,0.03787,,Europe,2015,2071.199
Lithuania,56,5.833,1.14723,1.25745,0.73128,0.21342,0.02641,0.01031,,Europe,2015,2931.872
Nicaragua,57,5.828,0.59325,1.14184,0.74314,0.55475,0.27815,0.19317,,North America,2015,6223.234
Peru,58,5.824,0.90019,0.97459,0.73017,0.41496,0.14982,0.05989,,South America,2015,30470.739
Belarus,59,5.813,1.03192,1.23289,0.73608,0.37938,0.11046,0.1909,,Europe,2015,9439.424
Poland,60,5.791,1.12555,1.27948,0.77903,0.53122,0.16759,0.04212,,Europe,2015,38034.076
Malaysia,61,5.77,1.12486,1.07023,0.72394,0.53024,0.33075,0.10501,,Asia,2015,30270.965
Croatia,62,5.759,1.08254,0.79624,0.78805,0.25883,0.05444,0.0243,,Europe,2015,4232.874
Libya,63,5.754,1.13145,1.11862,0.7038,0.41668,0.18295,0.11023,,Africa,2015,6418.315
Russia,64,5.716,1.13764,1.23617,0.66926,0.36679,0.00199,0.03005,,Asia,2015,144985.059
Jamaica,65,5.709,0.81038,1.15102,0.68741,0.50442,0.2123,0.02299,,North America,2015,2891.024
North Cyprus,66,5.695,1.20806,1.07008,0.92356,0.49027,0.26169,0.1428,,Europe,2015,1160.987
Cyprus,67,5.689,1.20813,0.89318,0.92356,0.40672,0.30638,0.06146,,Europe,2015,1160.985
Algeria,68,5.605,0.93929,1.07772,0.61766,0.28579,0.07822,0.17383,,Africa,2015,39728.020
Kosovo,69,5.589,0.80148,0.81198,0.63132,0.24749,0.2831,0.04741,,Europe,2015,1617
Turkmenistan,70,5.548,0.95847,1.22668,0.53886,0.4761,0.16979,0.30844,,Asia,2015,5565.283
Mauritius,71,5.477,1.00761,0.98521,0.7095,0.56066,0.37744,0.07521,,Africa,2015,1259.457
Hong Kong,72,5.474,1.38604,1.05818,1.01328,0.59608,0.39478,0.37124,,Asia,2015,7185.992
Estonia,73,5.429,1.15174,1.22791,0.77361,0.44888,0.0868,0.15184,,Europe,2015,1315.330
Indonesia,74,5.399,0.82827,1.08708,0.63793,0.46611,0.51535,0,,Asia,2015,258383.257
Vietnam,75,5.36,0.63216,0.91226,0.74676,0.59444,0.1686,0.10441,,Asia,2015,92677.082
Turkey,76,5.332,1.06098,0.94632,0.73172,0.22815,0.12253,0.15746,,Asia,2015,78529.413
Kyrgyzstan,77,5.286,0.47428,1.15115,0.65088,0.43477,0.3003,0.04232,,Asia,2015,5959.126
Nigeria,78,5.268,0.65435,0.90432,0.16007,0.34334,0.27233,0.0403,,Africa,2015,181137.454
Bhutan,79,5.253,0.77042,1.10395,0.57407,0.53206,0.47998,0.15445,,Asia,2015,727.885
Azerbaijan,80,5.212,1.02389,0.93793,0.64045,0.3703,0.07799,0.16065,,Europe,2015,9622.741
Pakistan,81,5.194,0.59543,0.41411,0.51466,0.12102,0.33671,0.10464,,Asia,2015,199426.953
Jordan,82,5.192,0.90198,1.05392,0.69639,0.40661,0.11053,0.14293,,Asia,2015,9266.573
Montenegro,82,5.192,0.97438,0.90557,0.72521,0.1826,0.1614,0.14296,,Europe,2015,626.957
China,84,5.14,0.89012,0.94675,0.81658,0.51697,0.08185,0.02781,,Asia,2015,1406847.868
Zambia,85,5.129,0.47038,0.91612,0.29924,0.48827,0.19591,0.12468,,Africa,2015,15879.370
Romania,86,5.124,1.04345,0.88588,0.7689,0.35068,0.13748,0.00649,,Europe,2015,19925.182
Serbia,87,5.123,0.92053,1.00964,0.74836,0.20107,0.19231,0.02617,,Europe,2015,8876.777
Portugal,88,5.102,1.15991,1.13935,0.87519,0.51469,0.13719,0.01078,,Europe,2015,10368.346
Latvia,89,5.098,1.11312,1.09562,0.72437,0.29671,0.18226,0.06332,,Europe,2015,1997.675
Philippines,90,5.073,0.70532,1.03516,0.58114,0.62545,0.24991,0.12279,,Asia,2015,102113.206
Somalia,91,5.057,0.18847,0.95152,0.43873,0.46582,0.50318,0.39928,,Africa,2015,13797.204
Morocco,92,5.013,0.73479,0.64095,0.60954,0.41691,0.07172,0.08546,,Africa,2015,34663.608
Macedonia,93,5.007,0.91851,1.00232,0.73545,0.33457,0.22359,0.05327,,Europe,2015,2079.335
Mozambique,94,4.971,0.08308,1.02626,0.09131,0.34037,0.22269,0.15603,,Africa,2015,27042.001
Albania,95,4.959,0.87867,0.80434,0.81325,0.35733,0.14272,0.06413,,Europe,2015,2890.524
Bosnia and Herzegovina,96,4.949,0.83223,0.91916,0.79081,0.09245,0.24808,0.00227,,Europe,2015,3429.362
Lesotho,97,4.898,0.37545,1.04103,0.07612,0.31767,0.16388,0.12504,,Africa,2015,2059.011
Dominican Republic,98,4.885,0.89537,1.17202,0.66825,0.57672,0.21684,0.14234,,North America,2015,10281.675
Laos,99,4.876,0.59066,0.73803,0.54909,0.59591,0.42192,0.24249,,Asia,2015,6741.160
Mongolia,100,4.874,0.82819,1.3006,0.60268,0.43626,0.3323,0.02666,,Asia,2015,2998.433
Swaziland,101,4.867,0.71206,1.07284,0.07566,0.30658,0.18259,0.0306,,Africa,2015,1104.038
Greece,102,4.857,1.15406,0.92933,0.88213,0.07699,0,0.01397,,Europe,2015,10659.737
Lebanon,103,4.839,1.02564,0.80001,0.83947,0.33916,0.21854,0.04582,,Asia,2015,6532.681
Hungary,104,4.8,1.12094,1.20215,0.75905,0.32112,0.128,0.02758,,Europe,2015,9777.925
Honduras,105,4.788,0.59532,0.95348,0.6951,0.40148,0.23027,0.06825,,North America,2015,9112.904
Tajikistan,106,4.786,0.39047,0.85563,0.57379,0.47216,0.22974,0.15072,,Asia,2015,8454.019
Tunisia,107,4.739,0.88113,0.60429,0.73793,0.26268,0.06431,0.06358,,Africa,2015,11179.951
Palestine,108,4.715,0.59867,0.92558,0.66015,0.24499,0.11251,0.12905,,Asia,2015,4529.160
Bangladesh,109,4.694,0.39753,0.43106,0.60164,0.4082,0.21222,0.12569,,Asia,2015,156256.287
Iran,110,4.686,1.0088,0.54447,0.69805,0.30033,0.38086,0.05863,,Asia,2015,78492.208
Ukraine,111,4.681,0.79907,1.20278,0.6739,0.25123,0.15275,0.02961,,Europe,2015,44921.636
Iraq,112,4.677,0.98549,0.81889,0.60237,0,0.17922,0.13788,,Asia,2015,35572.269
South Africa,113,4.642,0.92049,1.18468,0.27688,0.33207,0.11973,0.08884,,Africa,2015,55386.369
Ghana,114,4.633,0.54558,0.67954,0.40132,0.42342,0.23087,0.04355,,Africa,2015,27849.203
Zimbabwe,115,4.61,0.271,1.03276,0.33475,0.25861,0.18987,0.08079,,Africa,2015,13814.642
Liberia,116,4.571,0.0712,0.78968,0.34201,0.28531,0.24362,0.06232,,Africa,2015,4472.229
India,117,4.565,0.64499,0.38174,0.51529,0.39786,0.26475,0.08492,,Asia,2015,1310152.392
Sudan,118,4.55,0.52107,1.01404,0.36878,0.10081,0.19062,0.1466,,Africa,2015,38902.948
Haiti,119,4.518,0.26673,0.74302,0.38847,0.24425,0.46187,0.17175,,North America,2015,10695.540
Congo (Kinshasa),120,4.517,0,1.0012,0.09806,0.22605,0.24834,0.07625,,Africa,2015,76244.532
Nepal,121,4.514,0.35997,0.86449,0.56874,0.38282,0.32296,0.05907,,Asia,2015,27015.033
Ethiopia,122,4.512,0.19073,0.60406,0.44055,0.4345,0.24325,0.15048,,Africa,2015,100835.453
Sierra Leone,123,4.507,0.33024,0.95571,0,0.4084,0.21488,0.08786,,Africa,2015,7171.909
Mauritania,124,4.436,0.45407,0.86908,0.35874,0.24232,0.219,0.17461,,Africa,2015,4046.304
Kenya,125,4.419,0.36471,0.99876,0.41435,0.42215,0.37542,0.05839,,Africa,2015,47878.339
Djibouti,126,4.369,0.44025,0.59207,0.36291,0.46074,0.18093,0.28105,,Africa,2015,913.998
Armenia,127,4.35,0.76821,0.77711,0.7299,0.19847,0.07855,0.039,,Europe,2015,2925.559
Botswana,128,4.332,0.99355,1.10464,0.04776,0.49495,0.10461,0.12474,,Africa,2015,2120.716
Myanmar,129,4.307,0.27108,0.70905,0.48246,0.44017,0.79588,0.19034,,Asia,2015,52680.724
Georgia,130,4.297,0.7419,0.38562,0.72926,0.40577,0.05547,0.38331,,Europe,2015,4024.180
Malawi,131,4.292,0.01604,0.41134,0.22562,0.43054,0.33128,0.06977,,Africa,2015,16745.305
Sri Lanka,132,4.271,0.83524,1.01905,0.70806,0.53726,0.40828,0.09179,,Asia,2015,20908.024
Cameroon,133,4.252,0.4225,0.88767,0.23402,0.49309,0.20618,0.05786,,Africa,2015,23298.376
Bulgaria,134,4.218,1.01216,1.10614,0.76649,0.30587,0.11921,0.00872,,Europe,2015,7199.739
Egypt,135,4.194,0.8818,0.747,0.61712,0.17288,0.11291,0.06324,,Africa,2015,92442.549
Yemen,136,4.077,0.54649,0.68093,0.40064,0.35571,0.09131,0.07854,,Asia,2015,26497.881
Angola,137,4.033,0.75778,0.8604,0.16683,0.10384,0.12344,0.07122,,Africa,2015,27884.380
Mali,138,3.995,0.26074,1.03526,0.20583,0.38857,0.18798,0.12352,,Africa,2015,17438.772
Congo (Brazzaville),139,3.989,0.67866,0.6629,0.31051,0.41466,0.12388,0.11686,,Africa,2015,4856.093
Comoros,140,3.956,0.23906,0.79273,0.36315,0.22917,0.17441,0.199,,Africa,2015,777.435
Uganda,141,3.931,0.21102,1.13299,0.33861,0.45727,0.29066,0.07267,,Africa,2015,38225.447
Senegal,142,3.904,0.36498,0.97619,0.4354,0.36772,0.20843,0.10713,,Africa,2015,14578.450
Gabon,143,3.896,1.06024,0.90528,0.43372,0.31914,0.06822,0.11091,,Africa,2015,1947.690
Niger,144,3.845,0.0694,0.77265,0.29707,0.47692,0.19387,0.15639,,Africa,2015,20001.663
Cambodia,145,3.819,0.46038,0.62736,0.61114,0.66246,0.40359,0.07247,,Asia,2015,15521.435
Tanzania,146,3.781,0.2852,1.00268,0.38215,0.32878,0.34377,0.05747,,Africa,2015,51482.638
Madagascar,147,3.681,0.20824,0.66801,0.46721,0.19184,0.21333,0.08124,,Africa,2015,24234.080
Central African Republic,148,3.678,0.0785,0,0.06699,0.48879,0.23835,0.08289,,Africa,2015,4493.171
Chad,149,3.667,0.34193,0.76062,0.1501,0.23501,0.18386,0.05269,,Africa,2015,14110.971
Guinea,150,3.656,0.17417,0.46475,0.24009,0.37725,0.28657,0.12139,,Africa,2015,11432.096
Ivory Coast,151,3.655,0.46534,0.77115,0.15185,0.46866,0.20165,0.17922,,Africa,2015,23226.148
Burkina Faso,152,3.587,0.25812,0.85188,0.27125,0.39493,0.21747,0.12832,,Africa,2015,18110.616
Afghanistan,153,3.575,0.31982,0.30285,0.30335,0.23414,0.3651,0.09719,,Asia,2015,34413.603
Rwanda,154,3.465,0.22208,0.7737,0.42864,0.59201,0.22628,0.55191,,Africa,2015,11369.066
Benin,155,3.34,0.28665,0.35386,0.3191,0.4845,0.1826,0.0801,,Africa,2015,10575.962
Syria,156,3.006,0.6632,0.47489,0.72193,0.15684,0.47179,0.18906,,Asia,2015,17997.411
Burundi,157,2.905,0.0153,0.41587,0.22396,0.1185,0.19727,0.10062,,Africa,2015,10160.034
Togo,158,2.839,0.20868,0.13995,0.28443,0.36453,0.16681,0.10731,,Africa,2015,7323.162
Denmark,1,7.526,1.44178,1.16374,0.79504,0.57941,0.36171,0.44453,,Europe,2016,5711.346
Switzerland,2,7.509,1.52733,1.14524,0.86303,0.58557,0.28083,0.41203,,Europe,2016,8379.915
Iceland,3,7.501,1.42666,1.18326,0.86733,0.56624,0.47678,0.14975,,Europe,2016,332.209
Norway,4,7.498,1.57744,1.1269,0.79579,0.59609,0.37895,0.35776,,Europe,2016,5250.950
Finland,5,7.413,1.40598,1.13464,0.81091,0.57104,0.25492,0.41004,,Europe,2016,5497.714
Canada,6,7.404,1.44015,1.0961,0.8276,0.5737,0.44834,0.31329,,North America,2016,36382.942
Netherlands,7,7.339,1.46468,1.02912,0.81231,0.55211,0.47416,0.29927,,Europe,2016,16981.285
New Zealand,8,7.334,1.36066,1.17278,0.83096,0.58147,0.49401,0.41904,,Oceania,2016,4659.265
Australia,9,7.313,1.44443,1.10476,0.8512,0.56837,0.47407,0.32331,,Oceania,2016,24262.710
Sweden,10,7.291,1.45181,1.08764,0.83121,0.58218,0.38254,0.40867,,Europe,2016,9836.003
Israel,11,7.267,1.33766,0.99537,0.84917,0.36432,0.32288,0.08728,,Asia,2016,8108.984
Austria,12,7.119,1.45038,1.08383,0.80565,0.54355,0.32865,0.21348,,Europe,2016,8747.306
United States,13,7.104,1.50796,1.04782,0.779,0.48163,0.41077,0.14868,,North America,2016,323015.992
Costa Rica,14,7.087,1.06879,1.02152,0.76146,0.55225,0.22553,0.10547,,North America,2016,4899.336
Puerto Rico,15,7.039,1.35943,1.08113,0.77758,0.46823,0.22202,0.12275,,North America,2016,3283.121
Germany,16,6.994,1.44787,1.09774,0.81487,0.53466,0.30452,0.28551,,Europe,2016,82193.770
Brazil,17,6.952,1.08754,1.03938,0.61415,0.40425,0.15776,0.14166,,South America,2016,206163.056
Belgium,18,6.929,1.42539,1.05249,0.81959,0.51354,0.2424,0.26248,,Europe,2016,11354.407
Ireland,19,6.907,1.48341,1.16157,0.81455,0.54008,0.44963,0.29754,,Europe,2016,4695.790
Luxembourg,20,6.871,1.69752,1.03999,0.84542,0.5487,0.27571,0.35329,,Europe,2016,579.266
Mexico,21,6.778,1.11508,0.7146,0.71143,0.37709,0.11735,0.18355,,North America,2016,123333.379
Singapore,22,6.739,1.64555,0.86758,0.94719,0.4877,0.32706,0.46987,,Asia,2016,5653.625
United Kingdom,23,6.725,1.40283,1.08672,0.80991,0.50036,0.50156,0.27399,,Europe,2016,66297.944
Chile,24,6.705,1.2167,0.90587,0.81883,0.37789,0.31595,0.11451,,South America,2016,18209.072
Panama,25,6.701,1.18306,0.98912,0.70835,0.48927,0.2418,0.08423,,North America,2016,4037.073
Argentina,26,6.65,1.15137,1.06612,0.69711,0.42284,0.10989,0.07296,,South America,2016,43508.459
Czech Republic,27,6.596,1.30915,1.00793,0.76376,0.41418,0.09929,0.03986,,Europe,2016,10618.868
United Arab Emirates,28,6.573,1.57352,0.87114,0.72993,0.56215,0.26591,0.35561,,Asia,2016,9360.975
Uruguay,29,6.545,1.18157,1.03143,0.72183,0.54388,0.18056,0.21394,,South America,2016,3424.139
Malta,30,6.488,1.30782,1.09879,0.80315,0.54994,0.56237,0.17554,,Europe,2016,436.099
Colombia,31,6.481,1.03032,1.02169,0.59659,0.44735,0.15626,0.05399,,South America,2016,48175.048
France,32,6.478,1.39488,1.00508,0.83795,0.46562,0.1216,0.17808,,Europe,2016,64667.590
Thailand,33,6.474,1.0893,1.04477,0.64915,0.49553,0.58696,0.02833,,Asia,2016,68971.313
Saudi Arabia,34,6.379,1.48953,0.84829,0.59267,0.37904,0.15457,0.30008,,Asia,2016,32443.443
Taiwan,34,6.379,1.39729,0.92624,0.79565,0.32377,0.25495,0.0663,,Asia,2016,23618.201
Qatar,36,6.375,1.82427,0.87964,0.71723,0.56679,0.32388,0.48049,,Asia,2016,2654.379
Spain,37,6.361,1.34253,1.12945,0.87896,0.37545,0.17665,0.06137,,Europe,2016,46634.131
Algeria,38,6.355,1.05266,0.83309,0.61804,0.21006,0.07044,0.16157,,Africa,2016,40551.398
Guatemala,39,6.324,0.83454,0.87119,0.54039,0.50379,0.28808,0.08701,,North America,2016,16583.079
Suriname,40,6.269,1.09686,0.77866,0.50933,0.52234,0.16665,0.12692,,South America,2016,564.883
Kuwait,41,6.239,1.61714,0.87758,0.63569,0.43166,0.15965,0.23669,,Asia,2016,3956.862
Bahrain,42,6.218,1.44024,0.94397,0.65696,0.47375,0.17147,0.25772,,Asia,2016,1425.793
Trinidad and Tobago,43,6.168,1.32572,0.98569,0.52608,0.48453,0.31935,0.01241,,North America,2016,1377.563
Venezuela,44,6.084,1.13367,1.03302,0.61904,0.19847,0.0425,0.08304,,South America,2016,29851.249
Slovakia,45,6.078,1.27973,1.08268,0.70367,0.23391,0.13837,0.02947,,Europe,2016,5442.001
El Salvador,46,6.068,0.8737,0.80975,0.596,0.37269,0.08877,0.10613,,North America,2016,6356.137
Malaysia,47,6.005,1.25142,0.88025,0.62366,0.39031,0.41474,0.09081,,Asia,2016,30684.652
Nicaragua,48,5.992,0.69384,0.89521,0.65213,0.46582,0.29773,0.16292,,North America,2016,6303.970
Uzbekistan,49,5.987,0.73591,1.1681,0.50163,0.60848,0.34326,0.28333,,Asia,2016,31441.753
Italy,50,5.977,1.35495,1.04167,0.85102,0.18827,0.16684,0.02556,,Europe,2016,60663.068
Ecuador,51,5.976,0.97306,0.85974,0.68613,0.4027,0.10074,0.18037,,South America,2016,16491.116
Belize,52,5.956,0.87616,0.68655,0.45569,0.51231,0.23684,0.10771,,North America,2016,368.399
Japan,53,5.921,1.38007,1.06054,0.91491,0.46761,0.10224,0.18985,,Asia,2016,127763.267
Kazakhstan,54,5.919,1.22943,0.95544,0.57386,0.4052,0.15011,0.11132,,Asia,2016,17830.902
Moldova,55,5.897,0.69177,0.83132,0.52309,0.25202,0.19997,0.01903,,Europe,2016,4066.013
Russia,56,5.856,1.23228,1.05261,0.58991,0.32682,0.02736,0.03586,,Asia,2016,145275.374
Poland,57,5.835,1.24585,1.04685,0.69058,0.4519,0.14443,0.055,,Europe,2016,37989.218
South Korea,57,5.835,1.35948,0.72194,0.88645,0.25168,0.18824,0.07716,,Asia,2016,25307.665
Bolivia,59,5.822,0.79422,0.83779,0.4697,0.50961,0.21698,0.07746,,South America,2016,11031.822
Lithuania,60,5.813,1.2692,1.06411,0.64674,0.18929,0.02025,0.0182,,Europe,2016,2889.555
Belarus,61,5.802,1.13062,1.04993,0.63104,0.29091,0.13942,0.17457,,Europe,2016,9445.638
North Cyprus,62,5.771,1.31141,0.81826,0.84142,0.43596,0.26322,0.16578,,Europe,2016,1170.189
Slovenia,63,5.768,1.29947,1.05613,0.79151,0.53164,0.25738,0.03635,,Europe,2016,2074.205
Peru,64,5.743,0.99602,0.81255,0.62994,0.37502,0.14527,0.05292,,South America,2016,30926.036
Turkmenistan,65,5.658,1.08017,1.03817,0.44006,0.37408,0.22567,0.28467,,Asia,2016,5662.371
Mauritius,66,5.648,1.14372,0.75695,0.66189,0.46145,0.36951,0.05203,,Africa,2016,1261.870
Libya,67,5.615,1.06688,0.95076,0.52304,0.40672,0.17087,0.10339,,Africa,2016,6492.160
Latvia,68,5.56,1.21788,0.95025,0.63952,0.27996,0.17445,0.0889,,Europe,2016,1974.265
Cyprus,69,5.546,1.31857,0.70697,0.8488,0.29507,0.27906,0.05228,,Europe,2016,1170.187
Paraguay,70,5.538,0.89373,1.11111,0.58295,0.46235,0.25296,0.07396,,South America,2016,6777.878
Romania,71,5.528,1.1697,0.72803,0.67602,0.36712,0.12889,0.00679,,Europe,2016,19796.280
Estonia,72,5.517,1.27964,1.05163,0.68098,0.41511,0.08423,0.18519,,Europe,2016,1316.507
Jamaica,73,5.51,0.89333,0.96372,0.59469,0.43597,0.22245,0.04294,,North America,2016,2906.242
Croatia,74,5.488,1.18649,0.60809,0.70524,0.23907,0.18434,0.04002,,Europe,2016,4208.611
Hong Kong,75,5.458,1.5107,0.87021,0.95277,0.48079,0.40097,0.31647,,Asia,2016,7243.541
Somalia,76,5.44,0,0.33613,0.11466,0.56778,0.27225,0.3118,,Africa,2016,14185.635
Kosovo,77,5.401,0.90145,0.66062,0.54,0.14396,0.27992,0.06547,,Europe,2016,1617
Turkey,78,5.389,1.16492,0.87717,0.64718,0.23889,0.04707,0.12348,,Asia,2016,79827.868
Indonesia,79,5.314,0.95104,0.87625,0.49374,0.39237,0.56521,0.00322,,Asia,2016,261556.386
Jordan,80,5.303,0.99673,0.86216,0.60712,0.36023,0.14262,0.13297,,Asia,2016,9554.286
Azerbaijan,81,5.291,1.12373,0.76042,0.54504,0.35327,0.0564,0.17914,,Europe,2016,9736.041
Philippines,82,5.279,0.81217,0.87877,0.47036,0.54854,0.21674,0.11757,,Asia,2016,103663.812
China,83,5.245,1.0278,0.79381,0.73561,0.44012,0.04959,0.02745,,Asia,2016,1414049.353
Bhutan,84,5.196,0.8527,0.90836,0.49759,0.46074,0.48546,0.1616,,Asia,2016,736.706
Kyrgyzstan,85,5.185,0.56044,0.95434,0.55449,0.40212,0.38432,0.04762,,Asia,2016,6074.327
Serbia,86,5.177,1.03437,0.81329,0.6458,0.15718,0.20737,0.04339,,Europe,2016,8853.963
Bosnia and Herzegovina,87,5.163,0.93383,0.64367,0.70766,0.09511,0.29889,0,,Europe,2016,3386.263
Montenegro,88,5.161,1.07838,0.74173,0.63533,0.15111,0.17191,0.12721,,Europe,2016,627.271
Dominican Republic,89,5.155,1.02787,0.99496,0.57669,0.52259,0.21286,0.12372,,North America,2016,10397.738
Morocco,90,5.151,0.84058,0.38595,0.59471,0.25646,0.04053,0.08404,,Africa,2016,35126.274
Hungary,91,5.145,1.24142,0.93164,0.67608,0.1977,0.099,0.04472,,Europe,2016,9752.970
Pakistan,92,5.132,0.68816,0.26135,0.40306,0.14622,0.31185,0.1388,,Asia,2016,203631.356
Lebanon,93,5.129,1.12268,0.64184,0.76171,0.26228,0.23693,0.03061,,Asia,2016,6714.281
Portugal,94,5.123,1.27607,0.94367,0.79363,0.44727,0.11691,0.01521,,Europe,2016,10325.540
Macedonia,95,5.121,1.0193,0.78236,0.64738,0.27668,0.23507,0.07047,,Europe,2016,2080.746
Vietnam,96,5.061,0.74037,0.79117,0.66157,0.55954,0.25075,0.11556,,Asia,2016,93640.435
Somalia,97,5.057,0.25558,0.75862,0.33108,0.3913,0.51479,0.36794,,Africa,2016,14185.635
Tunisia,98,5.045,0.97724,0.43165,0.59577,0.23553,0.03936,0.0817,,Africa,2016,11303.942
Greece,99,5.033,1.24886,0.75473,0.80029,0.05822,0,0.04127,,Europe,2016,10615.183
Tajikistan,100,4.996,0.48835,0.75602,0.53119,0.43408,0.25998,0.13509,,Asia,2016,8663.575
Mongolia,101,4.907,0.98853,1.08983,0.55469,0.35972,0.34539,0.03285,,Asia,2016,3056.358
Laos,102,4.876,0.68042,0.5497,0.38291,0.52168,0.43079,0.22423,,Asia,2016,6845.848
Nigeria,103,4.875,0.75216,0.64498,0.05108,0.27854,0.23219,0.0305,,Africa,2016,185960.244
Honduras,104,4.871,0.69429,0.75596,0.58383,0.26755,0.2044,0.06906,,North America,2016,9270.794
Iran,105,4.813,1.11758,0.38857,0.64232,0.22544,0.38538,0.0557,,Asia,2016,79563.991
Zambia,106,4.795,0.61202,0.6376,0.23573,0.42662,0.17866,0.11479,,Africa,2016,16363.449
Nepal,107,4.793,0.44626,0.69699,0.50073,0.37012,0.3816,0.07008,,Asia,2016,27263.430
Palestine,108,4.754,0.67024,0.71629,0.56844,0.17744,0.11154,0.10613,,Europe,2016,4635.644
Albania,109,4.655,0.9553,0.50163,0.73007,0.31866,0.1684,0.05301,,Europe,2016,2886.427
Bangladesh,110,4.643,0.54177,0.24749,0.52989,0.39778,0.19132,0.12583,,Asia,2016,157977.151
Sierra Leone,111,4.635,0.36485,0.628,0,0.30685,0.23897,0.08196,,Africa,2016,7328.846
Iraq,112,4.575,1.07474,0.59205,0.51076,0.24856,0.19589,0.13636,,Asia,2016,36610.632
Namibia,113,4.574,0.93287,0.70362,0.34745,0.48614,0.07795,0.10398,,Africa,2016,2358.044
Cameroon,114,4.513,0.52497,0.62542,0.12698,0.42736,0.2268,0.06126,,Africa,2016,23926.549
Ethiopia,115,4.508,0.29283,0.37932,0.34578,0.36703,0.29522,0.1717,,Africa,2016,103603.461
South Africa,116,4.459,1.02416,0.96053,0.18611,0.42483,0.13656,0.08415,,Africa,2016,56207.649
Sri Lanka,117,4.415,0.97318,0.84783,0.62007,0.50817,0.46978,0.07964,,Asia,2016,21021.177
India,118,4.404,0.74036,0.29247,0.45091,0.40285,0.25028,0.08722,,Asia,2016,1324517.250
Myanmar,119,4.395,0.34112,0.69981,0.3988,0.42692,0.81971,0.20243,,Asia,2016,53045.199
Egypt,120,4.362,0.95395,0.49813,0.52116,0.18847,0.12706,0.10393,,Africa,2016,94447.071
Armenia,121,4.36,0.86086,0.62477,0.64083,0.14037,0.07793,0.03616,,Europe,2016,2936.147
Kenya,122,4.356,0.52267,0.7624,0.30147,0.40576,0.41328,0.06686,,Africa,2016,49051.531
Ukraine,123,4.324,0.87287,1.01413,0.58628,0.12859,0.20363,0.01829,,Europe,2016,44713.708
Ghana,124,4.276,0.63107,0.49353,0.29681,0.40973,0.21203,0.0326,,Africa,2016,28481.947
Congo (Kinshasa),125,4.272,0.05661,0.80676,0.188,0.15602,0.25458,0.06075,,Africa,2016,78789.130
Georgia,126,4.252,0.83792,0.19249,0.64035,0.32461,0.06786,0.3188,,Europe,2016,4015.457
Congo (Brazzaville),127,4.236,0.77109,0.47799,0.28212,0.37938,0.12077,0.09753,,Africa,2016,4980.996
Senegal,128,4.219,0.44314,0.77416,0.40457,0.31056,0.19103,0.11681,,Africa,2016,14993.514
Bulgaria,129,4.217,1.11306,0.92542,0.67806,0.21219,0.12793,0.00615,,Europe,2016,7151.948
Mauritania,130,4.201,0.61391,0.84142,0.28639,0.1268,0.22686,0.17955,,Africa,2016,4163.532
Zimbabwe,131,4.193,0.35041,0.71478,0.1595,0.25429,0.18503,0.08582,,Africa,2016,14030.338
Malawi,132,4.156,0.08709,0.147,0.29364,0.4143,0.30968,0.07564,,Africa,2016,17205.253
Sudan,133,4.139,0.63069,0.81928,0.29759,0,0.18077,0.10039,,Africa,2016,39847.433
Gabon,134,4.121,1.15851,0.72368,0.3494,0.28098,0.06244,0.09314,,Africa,2016,2007.882
Mali,135,4.073,0.31292,0.86333,0.16347,0.27544,0.21064,0.13647,,Africa,2016,17965.448
Haiti,136,4.028,0.34097,0.29561,0.27494,0.12072,0.47958,0.14476,,North America,2016,10839.976
Botswana,137,3.974,1.09426,0.89186,0.34752,0.44089,0.12425,0.10769,,Africa,2016,2159.925
Comoros,138,3.956,0.27509,0.60323,0.29981,0.15412,0.1827,0.18437,,Africa,2016,795.597
Ivory Coast,139,3.916,0.55507,0.57576,0.04476,0.40663,0.20338,0.1553,,Africa,2016,23822.726
Cambodia,140,3.907,0.55604,0.5375,0.42494,0.58852,0.40339,0.08092,,Asia,2016,15766.290
Angola,141,3.866,0.84731,0.66366,0.04991,0.00589,0.12071,0.08434,,Africa,2016,28842.482
Niger,142,3.856,0.1327,0.6053,0.26162,0.38041,0.2097,0.17176,,Africa,2016,20788.789
South Sudan,143,3.832,0.39394,0.18519,0.15781,0.19662,0.25899,0.13015,,Africa,2016,10832.520
Chad,144,3.763,0.42214,0.63178,0.03824,0.12807,0.18667,0.04952,,Africa,2016,14561.658
Burkina Faso,145,3.739,0.31995,0.63054,0.21297,0.3337,0.24353,0.12533,,Africa,2016,18646.350
Uganda,145,3.739,0.34719,0.90981,0.19625,0.43653,0.27102,0.06442,,Africa,2016,39649.173
Yemen,147,3.724,0.57939,0.47493,0.31048,0.2287,0.09821,0.05892,,Asia,2016,27168.210
Madagascar,148,3.695,0.27954,0.46115,0.37109,0.13684,0.2204,0.07506,,Africa,2016,24894.370
Tanzania,149,3.666,0.47155,0.77623,0.357,0.3176,0.31472,0.05099,,Africa,2016,53049.231
Liberia,150,3.622,0.10706,0.50353,0.23165,0.25748,0.24063,0.04852,,Africa,2016,4586.788
Guinea,151,3.607,0.22415,0.3109,0.18829,0.30953,0.29914,0.1192,,Africa,2016,11738.434
Rwanda,152,3.515,0.32846,0.61586,0.31865,0.5432,0.23552,0.50521,,Africa,2016,11668.829
Benin,153,3.484,0.39499,0.10419,0.21028,0.39747,0.2018,0.06681,,Africa,2016,10872.072
Afghanistan,154,3.36,0.38227,0.11037,0.17344,0.1643,0.31268,0.07112,,Asia,2016,35383.028
Togo,155,3.303,0.28123,0,0.24811,0.34678,0.17517,0.11587,,Africa,2016,7509.952
Syria,156,3.069,0.74719,0.14866,0.62994,0.06912,0.48397,0.17233,,Asia,2016,17465.567
Burundi,157,2.905,0.06831,0.23442,0.15747,0.0432,0.2029,0.09419,,Africa,2016,10488.002
Norway,1,7.537000179,1.616463184,1.53352356,0.796666503,0.635422587,0.362012237,0.315963835,,Europe,2017,5296.324
Denmark,2,7.521999836,1.482383013,1.551121593,0.792565525,0.626006722,0.355280489,0.400770068,,Europe,2017,5732.277
Iceland,3,7.504000187,1.48063302,1.610574007,0.833552122,0.627162635,0.475540221,0.153526559,,Europe,2017,334.395
Switzerland,4,7.493999958,1.564979553,1.516911745,0.858131289,0.620070577,0.290549278,0.367007285,,Europe,2017,8455.797
Finland,5,7.468999863,1.443571925,1.540246725,0.80915767,0.617950857,0.245482773,0.382611543,,Europe,2017,5511.372
Netherlands,6,7.376999855,1.503944635,1.428939223,0.810696125,0.585384488,0.47048983,0.282661825,,Europe,2017,17021.343
Canada,7,7.315999985,1.479204416,1.481348991,0.834557652,0.611100912,0.435539722,0.287371516,,North America,2017,36732.091
New Zealand,8,7.31400013,1.405706048,1.548195124,0.816759706,0.61406213,0.500005126,0.382816702,,Oceania,2017,4702.029
Sweden,9,7.28399992,1.494387269,1.478162169,0.830875158,0.612924099,0.385399252,0.384398729,,Europe,2017,9904.895
Australia,10,7.28399992,1.484414935,1.510041952,0.843886793,0.601607382,0.47769925,0.30118373,,Oceania,2017,24584.619
Israel,11,7.212999821,1.375382423,1.376289964,0.838404,0.405988604,0.330082655,0.0852421,,Asia,2017,8243.849
Costa Rica,12,7.078999996,1.109706283,1.416403651,0.759509265,0.58013165,0.214613229,0.100106589,,North America,2017,4949.955
Austria,13,7.006000042,1.487097263,1.459944963,0.815328419,0.56776619,0.316472322,0.221060365,,Europe,2017,8819.902
United States,14,6.993000031,1.546259284,1.419920564,0.774286628,0.505740523,0.392578781,0.135638788,,North America,2017,325084.758
Ireland,15,6.977000237,1.535706639,1.558231115,0.809782624,0.573110342,0.427858323,0.298388153,,Europe,2017,4753.281
Germany,16,6.951000214,1.487923384,1.472520351,0.798950732,0.562511384,0.33626917,0.276731938,,Europe,2017,82658.409
Belgium,17,6.890999794,1.463780761,1.462312698,0.818091869,0.539770722,0.231503338,0.251343131,,Europe,2017,11419.752
Luxembourg,18,6.862999916,1.741943598,1.457583666,0.845089495,0.596627891,0.283180982,0.318834424,,Europe,2017,591.914
United Kingdom,19,6.714000225,1.44163394,1.49646008,0.805335939,0.508190036,0.492774159,0.265428066,,Europe,2017,66727.463
Chile,20,6.65199995,1.25278461,1.284024954,0.819479704,0.376895279,0.326662421,0.082287982,,South America,2017,18470.435
United Arab Emirates,21,6.647999763,1.626343369,1.266410232,0.726798236,0.60834527,0.360941947,0.324489564,,Asia,2017,9487.206
Brazil,22,6.635000229,1.10735321,1.431306005,0.616552353,0.437453747,0.162349895,0.111092761,,South America,2017,207833.825
Czech Republic,23,6.609000206,1.352682352,1.433885217,0.754444003,0.490946174,0.088106759,0.036872927,,Europe,2017,10641.032
Argentina,24,6.598999977,1.185295463,1.440451145,0.695137084,0.494519204,0.109457061,0.059739888,,South America,2017,43937.143
Mexico,25,6.578000069,1.153183818,1.21086216,0.709978998,0.412730008,0.120990433,0.132774115,,North America,2017,124777.326
Singapore,26,6.572000027,1.69227767,1.353814363,0.949492395,0.549840569,0.345965981,0.464307785,,Asia,2017,5708.042
Malta,27,6.52699995,1.343279839,1.488411665,0.821944237,0.588767052,0.574730575,0.153066069,,Europe,2017,437.935
Uruguay,28,6.453999996,1.217559695,1.412227869,0.719216824,0.579392254,0.175096929,0.178061873,,South America,2017,3436.645
Guatemala,29,6.453999996,0.872001946,1.255585194,0.54023999,0.531310618,0.283488393,0.077223279,,North America,2017,16914.979
Panama,30,6.452000141,1.233748436,1.373192549,0.706156135,0.550026834,0.210556939,0.070983924,,North America,2017,4106.764
France,31,6.441999912,1.430923462,1.387776852,0.844465852,0.470222116,0.129762307,0.172502428,,Europe,2017,64842.513
Thailand,32,6.423999786,1.127868772,1.425792456,0.647239029,0.580200732,0.57212311,0.031612735,,Asia,2017,69209.817
Taiwan,33,6.421999931,1.433626533,1.384565353,0.793984234,0.361466587,0.258360475,0.063829236,,Asia,2017,23674.546
Spain,34,6.402999878,1.384397864,1.532090902,0.8889606,0.40878123,0.190133572,0.070914097,,Europe,2017,46647.425
Qatar,35,6.375,1.870765686,1.27429688,0.710098088,0.604130983,0.33047387,0.439299256,,Asia,2017,2724.727
Colombia,36,6.356999874,1.070622325,1.402182937,0.595027924,0.477487415,0.149014473,0.046668742,,South America,2017,48909.844
Saudi Arabia,37,6.343999863,1.530623555,1.286677599,0.59014833,0.449750572,0.147616014,0.273432255,,Asia,2017,33101.183
Trinidad and Tobago,38,6.168000221,1.361355901,1.380228519,0.519983292,0.518630743,0.325296462,0.008964816,,North America,2017,1384.060
Kuwait,39,6.105000019,1.632952452,1.259698749,0.632105708,0.496337593,0.228289798,0.21515955,,Asia,2017,4056.102
Slovakia,40,6.09800005,1.325393558,1.505059242,0.712732911,0.295817465,0.136544481,0.024210852,,Europe,2017,5447.903
Bahrain,41,6.086999893,1.488412261,1.323110461,0.653133035,0.536746919,0.172668487,0.25704217,,Asia,2017,1494.077
Malaysia,42,6.084000111,1.29121542,1.284646034,0.618784428,0.402264982,0.41660893,0.065600708,,Asia,2017,31104.655
Nicaragua,43,6.071000099,0.737299204,1.28721571,0.653095961,0.447551847,0.301674217,0.130687982,,North America,2017,6384.843
Ecuador,44,6.007999897,1.000820398,1.286168814,0.685636222,0.455198199,0.150112465,0.140134647,,South America,2017,16785.356
El Salvador,45,6.002999783,0.909784496,1.182125092,0.596018553,0.43245253,0.078257985,0.08998096,,North America,2017,6388.124
Poland,46,5.97300005,1.291787863,1.44571197,0.699475348,0.520342112,0.158465967,0.059307806,,Europe,2017,37953.176
Uzbekistan,47,5.971000195,0.786441088,1.54896915,0.498272628,0.658248663,0.415983647,0.246528223,,Asia,2017,31959.774
Italy,48,5.964000225,1.395066619,1.444923282,0.853144348,0.256450713,0.172789648,0.028028091,,Europe,2017,60673.694
Russia,49,5.962999821,1.281778097,1.469282389,0.547349334,0.373783112,0.052263822,0.032962881,,Asia,2017,145530.091
Belize,50,5.955999851,0.907975316,1.081417799,0.450191766,0.547509372,0.240015641,0.096581072,,North America,2017,375.775
Japan,51,5.920000076,1.416915178,1.436337829,0.913475871,0.505625546,0.120572768,0.163760737,,Asia,2017,127502.728
Lithuania,52,5.90199995,1.314582348,1.473516107,0.62894994,0.234231785,0.010164657,0.011865643,,Europe,2017,2845.419
Algeria,53,5.872000217,1.091864467,1.146217465,0.617584646,0.233335808,0.069436647,0.14609611,,Africa,2017,41389.174
Latvia,54,5.849999905,1.260748625,1.404714942,0.638566971,0.325707912,0.153074786,0.073842727,,Europe,2017,1951.097
South Korea,55,5.837999821,1.401678443,1.128274441,0.900214076,0.257921666,0.206674367,0.063282669,,Asia,2017,25429.816
Moldova,56,5.837999821,0.72887063,1.251825571,0.589465201,0.240729049,0.208779126,0.010091286,,Europe,2017,4059.687
Romania,57,5.824999809,1.217683911,1.15009129,0.685158312,0.457003742,0.133519918,0.004387901,,Europe,2017,19653.966
Bolivia,58,5.822999954,0.833756566,1.227619052,0.47363025,0.558732927,0.225560725,0.060477726,,South America,2017,11192.853
Turkmenistan,59,5.822000027,1.130776763,1.493149161,0.43772608,0.418271929,0.249924988,0.25927034,,Asia,2017,5757.667
Kazakhstan,60,5.818999767,1.28455627,1.384369016,0.606041551,0.437454283,0.201964423,0.119282886,,Asia,2017,18080.023
North Cyprus,61,5.809999943,1.346911311,1.186303377,0.834647238,0.471203625,0.266845703,0.155353352,,Europe,2017,1179.685
Slovenia,62,5.757999897,1.341205955,1.452518821,0.790828228,0.572575808,0.242649093,0.045128979,,Europe,2017,2076.395
Peru,63,5.715000153,1.035225272,1.218770385,0.630166113,0.450002879,0.126819715,0.047049087,,South America,2017,31444.299
Mauritius,64,5.629000187,1.189395547,1.20956099,0.638007462,0.491247326,0.360933751,0.042181555,,Africa,2017,1264.497
Cyprus,65,5.620999813,1.355938077,1.131363273,0.844714701,0.355111539,0.271254301,0.041237976,,Europe,2017,1179.678
Estonia,66,5.611000061,1.32087934,1.4766711,0.695168316,0.47913143,0.098890811,0.183248922,,Europe,2017,1319.389
Belarus,67,5.568999767,1.15655756,1.444945216,0.637714267,0.295400262,0.155137509,0.156313822,,Europe,2017,9450.233
Libya,68,5.525000095,1.101803064,1.35756433,0.52016902,0.46573323,0.152073666,0.09261021,,Africa,2017,6580.723
Turkey,69,5.5,1.198274374,1.337753177,0.637605608,0.3007406,0.046693042,0.09967158,,Asia,2017,81116.451
Paraguay,70,5.493000031,0.932537317,1.50728488,0.579250693,0.473507792,0.224150658,0.091065913,,South America,2017,6867.058
Hong Kong,71,5.472000122,1.551674843,1.262790918,0.943062425,0.490968645,0.374465793,0.293933749,,Asia,2017,7306.315
Philippines,72,5.429999828,0.857699215,1.253917575,0.468009055,0.585214674,0.193513423,0.099331893,,Asia,2017,105172.921
Serbia,73,5.394999981,1.069317579,1.258189797,0.650784671,0.208715528,0.220125884,0.040903781,,Europe,2017,8829.623
Jordan,74,5.335999966,0.991012394,1.239088893,0.604590058,0.418421149,0.17217046,0.119803272,,Asia,2017,9785.840
Hungary,75,5.323999882,1.286011934,1.343133092,0.687763453,0.175863519,0.078401662,0.036636937,,Europe,2017,9729.822
Jamaica,76,5.31099987,0.925579309,1.368218064,0.641022384,0.474307239,0.233818337,0.055267781,,North America,2017,2920.848
Croatia,77,5.293000221,1.222556233,0.967983007,0.701288521,0.255772293,0.248002976,0.04310311,,Europe,2017,4182.847
Kosovo,78,5.278999805,0.951484382,1.137853503,0.54145205,0.260287941,0.319931448,0.057471618,,Europe,2017,1617
China,79,5.272999763,1.081165791,1.160837412,0.741415501,0.472787708,0.028806841,0.022794275,,Asia,2017,1421021.794
Pakistan,80,5.269000053,0.726883531,0.67269069,0.402047783,0.235215262,0.315446019,0.124348067,,Asia,2017,207906.210
Indonesia,81,5.262000084,0.995538592,1.274444699,0.492345721,0.443323463,0.611704588,0.015317135,,Asia,2017,264650.969
Venezuela,82,5.25,1.128431201,1.431337595,0.617144227,0.153997123,0.06501963,0.064491123,,South America,2017,29402.480
Montenegro,83,5.236999989,1.121129036,1.238376498,0.667464674,0.194989055,0.197911024,0.088174194,,Europe,2017,627.563
Morocco,84,5.235000134,0.878114581,0.774864435,0.597710669,0.408158332,0.032209955,0.087763183,,Africa,2017,35581.257
Azerbaijan,85,5.234000206,1.153601766,1.152400255,0.540775776,0.398155838,0.04526934,0.180987507,,Europe,2017,9845.316
Dominican Republic,86,5.230000019,1.079373837,1.402416706,0.574873745,0.552589834,0.18696785,0.113945253,,North America,2017,10513.111
Greece,87,5.227000237,1.289487481,1.239414573,0.810198903,0.095731251,0,0.043289777,,Europe,2017,10569.449
Lebanon,88,5.224999905,1.074987531,1.129624248,0.735081077,0.288515985,0.264450759,0.03751383,,Asia,2017,6819.373
Portugal,89,5.195000172,1.315175295,1.367043018,0.795843542,0.4984653,0.095102713,0.015869452,,Europe,2017,10288.527
Bosnia and Herzegovina,90,5.18200016,0.982409418,1.069335938,0.705186307,0.204403177,0.328867495,0,,Europe,2017,3351.534
Honduras,91,5.181000233,0.730573118,1.143944979,0.58256948,0.34807986,0.236188874,0.073345453,,North America,2017,9429.016
Macedonia,92,5.175000191,1.064577937,1.207893014,0.644948184,0.325905979,0.253760964,0.060277794,,Europe,2017,2081.996
Somalia,93,5.151000023,0.022643184,0.721151352,0.113989137,0.602126956,0.291631311,0.282410324,,Africa,2017,14589.165
Vietnam,94,5.073999882,0.788547575,1.277491331,0.652168989,0.571055591,0.234968051,0.087633237,,Asia,2017,94600.643
Nigeria,95,5.073999882,0.783756256,1.215770483,0.05691573,0.394952565,0.230947196,0.026121566,,Africa,2017,190873.247
Tajikistan,96,5.040999889,0.524713635,1.271463275,0.529235125,0.471566707,0.248997644,0.146377146,,Asia,2017,8880.270
Bhutan,97,5.011000156,0.885416389,1.340126514,0.495879292,0.501537681,0.474054545,0.17338039,,Asia,2017,745.563
Kyrgyzstan,98,5.004000187,0.596220076,1.394238591,0.553457797,0.454943389,0.428580374,0.039439179,,Asia,2017,6189.727
Nepal,99,4.961999893,0.479820192,1.179283261,0.504130781,0.440305948,0.394096166,0.072975546,,Asia,2017,27632.682
Mongolia,100,4.954999924,1.027235866,1.493011236,0.557783484,0.394143969,0.33846423,0.032902289,,Asia,2017,3113.788
South Africa,101,4.828999996,1.054698706,1.384788632,0.18708007,0.479246736,0.13936238,0.072509497,,Africa,2017,57009.751
Tunisia,102,4.804999828,1.007265806,0.86835146,0.613212049,0.28968069,0.049693357,0.086723149,,Africa,2017,11433.438
Palestine,103,4.775000095,0.716249228,1.155647159,0.565666974,0.254711062,0.114173174,0.089282602,,Asia,2017,4747.233
Egypt,104,4.735000134,0.989701807,0.997471392,0.520187259,0.282110155,0.128631443,0.114381365,,Africa,2017,96442.590
Bulgaria,105,4.714000225,1.161459088,1.434379458,0.70821768,0.289231718,0.113177694,0.011051531,,Europe,2017,7102.452
Sierra Leone,106,4.709000111,0.368420929,0.984136045,0.005564754,0.318697691,0.293040901,0.071095176,,Africa,2017,7488.427
Cameroon,107,4.695000172,0.564305365,0.946018219,0.132892117,0.430388749,0.236298457,0.051306631,,Africa,2017,24566.070
Iran,108,4.691999912,1.156873107,0.711551249,0.639333189,0.249322608,0.387242913,0.048761073,,Asia,2017,80673.888
Albania,109,4.644000053,0.996192753,0.803685248,0.731159747,0.381498635,0.201312944,0.039864216,,Europe,2017,2884.169
Bangladesh,110,4.607999802,0.586682975,0.735131741,0.533241034,0.478356659,0.172255352,0.123717859,,Asia,2017,159685.421
Namibia,111,4.573999882,0.964434326,1.098470807,0.338611811,0.520303547,0.077133745,0.093146972,,Africa,2017,2402.623
Kenya,112,4.552999973,0.560479462,1.067950726,0.30998835,0.452763766,0.444860309,0.064641319,,Africa,2017,50221.146
Mozambique,113,4.550000191,0.23430565,0.870701015,0.106654435,0.480791092,0.322228104,0.179436386,,Africa,2017,28649.007
Myanmar,114,4.545000076,0.36711055,1.123235941,0.397522569,0.514492035,0.838075161,0.188816205,,Asia,2017,53382.521
Senegal,115,4.534999847,0.479309022,1.179691911,0.409362853,0.377922267,0.183468893,0.115460448,,Africa,2017,15419.354
Zambia,116,4.513999939,0.636406779,1.003187299,0.257835895,0.461603492,0.249580145,0.07821355,,Africa,2017,16853.608
Iraq,117,4.497000217,1.102710485,0.978613198,0.50118047,0.288555533,0.199637264,0.107215755,,Asia,2017,37552.789
Gabon,118,4.465000153,1.198210239,1.155620217,0.356578588,0.312328577,0.043785378,0.076046787,,Africa,2017,2064.812
Ethiopia,119,4.460000038,0.339233845,0.864669204,0.353409708,0.408842742,0.31265074,0.165455714,,Africa,2017,106399.926
Sri Lanka,120,4.440000057,1.009850144,1.259976387,0.625130832,0.561213255,0.490863562,0.073653966,,Asia,2017,21128.028
Armenia,121,4.375999928,0.900596738,1.007483721,0.637524426,0.198303267,0.083488092,0.026674422,,Europe,2017,2944.789
India,122,4.315000057,0.792221248,0.754372597,0.455427617,0.469987005,0.231538489,0.092226885,,Asia,2017,1338676.779
Mauritania,123,4.291999817,0.648457289,1.27203083,0.28534928,0.096098043,0.201870024,0.136957005,,Africa,2017,4282.582
Congo (Brazzaville),124,4.290999889,0.808964252,0.832044363,0.289957434,0.435025871,0.120852128,0.079618134,,Africa,2017,5110.701
Georgia,125,4.285999775,0.950612664,0.570614934,0.649546981,0.309410036,0.054008815,0.251666635,,Europe,2017,4008.723
Congo (Kinshasa),126,4.28000021,0.092102349,1.229023457,0.191407025,0.235961348,0.246455833,0.060241356,,Africa,2017,81398.765
Mali,127,4.190000057,0.476180494,1.281473398,0.169365674,0.306613743,0.183354199,0.104970247,,Africa,2017,18512.429
Ivory Coast,128,4.179999828,0.603048921,0.90478003,0.04864217,0.447706193,0.20123747,0.130061775,,Africa,2017,24437.475
Cambodia,129,4.168000221,0.601765096,1.006238341,0.429783404,0.633375823,0.385922968,0.068105951,,Asia,2017,16009.413
Sudan,130,4.138999939,0.659516692,1.21400857,0.290920824,0.014995855,0.182317451,0.08984752,,Africa,2017,40813.398
Ghana,131,4.119999886,0.667224824,0.873664737,0.295637727,0.423026294,0.256923944,0.02533637,,Africa,2017,29121.464
Ukraine,132,4.096000195,0.894651949,1.394537568,0.575903952,0.122974776,0.270061463,0.023029471,,Europe,2017,44487.708
Uganda,133,4.080999851,0.381430715,1.129827738,0.217632607,0.443185955,0.325766057,0.057069719,,Africa,2017,41166.588
Burkina Faso,134,4.032000065,0.350227714,1.043280005,0.215844259,0.324367851,0.250864685,0.120328106,,Africa,2017,19193.236
Niger,135,4.027999878,0.161925331,0.993025005,0.268505007,0.363658696,0.228673846,0.138572946,,Africa,2017,21602.388
Malawi,136,3.970000029,0.233442038,0.512568831,0.315089583,0.466914654,0.28717047,0.072711654,,Africa,2017,17670.193
Chad,137,3.936000109,0.438012987,0.953855872,0.041134715,0.162342027,0.21611385,0.053581882,,Africa,2017,15016.761
Zimbabwe,138,3.875,0.375846535,1.083095908,0.196763754,0.336384207,0.189143494,0.095375381,,Africa,2017,14236.599
Lesotho,139,3.808000088,0.521021247,1.190095186,0,0.390661299,0.157497272,0.11909464,,Africa,2017,2091.532
Angola,140,3.795000076,0.85842818,1.10441196,0.049868666,0,0.09792649,0.069720335,,Africa,2017,29816.769
Afghanistan,141,3.79399991,0.401477218,0.581543326,0.180746779,0.10617952,0.311870933,0.06115783,,Asia,2017,36296.111
Botswana,142,3.766000032,1.122094154,1.221554995,0.341755509,0.505196333,0.099348448,0.098583199,,Africa,2017,2205.076
Benin,143,3.657000065,0.431085408,0.435299844,0.209930211,0.425962776,0.207948461,0.060929015,,Africa,2017,11175.192
Madagascar,144,3.644000053,0.305808693,0.913020372,0.375223309,0.189196765,0.20873253,0.067231975,,Africa,2017,25570.511
Haiti,145,3.602999926,0.368610263,0.640449822,0.27732113,0.030369857,0.489203781,0.09987215,,North America,2017,10982.367
Yemen,146,3.592999935,0.591683447,0.935382247,0.310080916,0.249463722,0.104125209,0.056767423,,Asia,2017,27834.811
South Sudan,147,3.59100008,0.397248626,0.601323128,0.163486004,0.147062436,0.285670817,0.116793513,,Africa,2017,10910.774
Liberia,148,3.532999992,0.119041793,0.872117937,0.229918197,0.332881182,0.266549885,0.038948249,,Africa,2017,4702.224
Guinea,149,3.506999969,0.24454993,0.791244686,0.194129139,0.348587513,0.264815092,0.110937618,,Africa,2017,12067.516
Togo,150,3.494999886,0.305444717,0.43188253,0.247105569,0.380426139,0.196896151,0.095665015,,Africa,2017,7698.476
Rwanda,151,3.470999956,0.368745893,0.945707023,0.326424807,0.581843853,0.252756029,0.455220014,,Africa,2017,11980.960
Syria,152,3.461999893,0.777153134,0.396102607,0.500533342,0.081539445,0.493663728,0.151347131,,Asia,2017,17095.669
Tanzania,153,3.348999977,0.511135876,1.041989803,0.364509284,0.390017778,0.354256362,0.066035107,,Africa,2017,54660.345
Burundi,154,2.904999971,0.091622569,0.629793584,0.151610792,0.059900753,0.204435185,0.084147945,,Africa,2017,10827.010
Central African Republic,155,2.693000078,0,0,0.018772686,0.270842046,0.280876487,0.056565076,,Africa,2017,4596.023
Finland,1,7.632,1.305,,0.874,0.681,0.202,0.393,1.592,Europe,2018,5522.585
Norway,2,7.594,1.456,,0.861,0.686,0.286,0.34,1.582,Europe,2018,5337.960
Denmark,3,7.555,1.351,,0.868,0.683,0.284,0.408,1.59,Europe,2018,5752.131
Iceland,4,7.495,1.343,,0.914,0.677,0.353,0.138,1.644,Europe,2018,336.712
Switzerland,5,7.487,1.42,,0.927,0.66,0.256,0.357,1.549,Europe,2018,8525.614
Netherlands,6,7.441,1.361,,0.878,0.638,0.333,0.295,1.488,Europe,2018,17059.560
Canada,7,7.328,1.33,,0.896,0.653,0.321,0.291,1.532,North America,2018,37074.558
New Zealand,8,7.324,1.268,,0.876,0.669,0.365,0.389,1.601,Oceania,2018,4743.131
Sweden,9,7.314,1.355,,0.913,0.659,0.285,0.383,1.501,Europe,2018,9971.630
Australia,10,7.272,1.34,,0.91,0.647,0.361,0.302,1.573,Oceania,2018,24898.153
United Kingdom,11,7.19,1.244,,0.888,0.464,0.262,0.082,1.433,Europe,2018,67141.678
Austria,12,7.139,1.341,,0.891,0.617,0.242,0.224,1.504,Europe,2018,8891.383
Costa Rica,13,7.072,1.01,,0.817,0.632,0.143,0.101,1.459,North America,2018,4999.443
Ireland,14,6.977,1.448,,0.876,0.614,0.307,0.306,1.583,Europe,2018,4818.694
Germany,15,6.965,1.34,,0.861,0.586,0.273,0.28,1.474,Europe,2018,83124.413
Belgium,16,6.927,1.324,,0.894,0.583,0.188,0.24,1.483,Europe,2018,11482.180
Luxembourg,17,6.91,1.576,,0.896,0.632,0.196,0.321,1.52,Europe,2018,604.244
United States,18,6.886,1.398,,0.819,0.547,0.291,0.133,1.471,North America,2018,327096.263
Israel,19,6.814,1.301,,0.883,0.533,0.354,0.272,1.559,Asia,2018,8381.507
United Arab Emirates,20,6.774,2.096,,0.67,0.284,0.186,,0.776,Asia,2018,9630.966
Czech Republic,21,6.711,1.233,,0.854,0.543,0.064,0.034,1.489,Europe,2018,10665.679
Malta,22,6.627,1.27,,0.884,0.645,0.376,0.142,1.525,Europe,2018,439.255
France,23,6.489,1.293,,0.908,0.52,0.098,0.176,1.466,Europe,2018,64990.512
Mexico,24,6.488,1.038,,0.761,0.479,0.069,0.095,1.252,North America,2018,126190.782
Chile,25,6.476,1.131,,0.808,0.431,0.197,0.061,1.331,South America,2018,18729.166
Taiwan,26,6.441,1.365,,0.857,0.418,0.151,0.078,1.436,Asia,2018,23726.460
Panama,27,6.43,1.112,,0.759,0.597,0.125,0.063,1.438,North America,2018,4176.868
Brazil,28,6.419,0.986,,0.675,0.493,0.11,0.088,1.474,South America,2018,209469.320
Argentina,29,6.388,1.073,,0.744,0.57,0.062,0.054,1.468,South America,2018,44361.150
Guatemala,30,6.382,0.781,,0.608,0.604,0.179,0.071,1.268,North America,2018,17247.855
Uruguay,31,6.379,1.093,,0.771,0.625,0.13,0.155,1.459,South America,2018,3449.290
Qatar,32,6.374,1.649,,0.748,0.654,0.256,0.171,1.303,Asia,2018,2781.682
Saudi Arabia,33,6.371,1.379,,0.633,0.509,0.098,0.127,1.331,Asia,2018,33702.757
Singapore,34,6.343,1.529,,1.008,0.631,0.261,0.457,1.451,Asia,2018,5757.503
Malaysia,35,6.322,1.161,,0.669,0.356,0.311,0.059,1.258,Asia,2018,31528.033
Spain,36,6.31,1.251,,0.965,0.449,0.142,0.074,1.538,Europe,2018,46692.863
Colombia,37,6.26,0.96,,0.635,0.531,0.099,0.039,1.439,South America,2018,49661.056
Trinidad and Tobago,38,6.192,1.223,,0.564,0.575,0.171,0.019,1.492,North America,2018,1389.841
Slovakia,39,6.173,1.21,,0.776,0.354,0.118,0.014,1.537,Europe,2018,5453.017
El Salvador,40,6.167,0.806,,0.639,0.461,0.065,0.082,1.231,North America,2018,6420.740
Nicaragua,41,6.141,0.668,,0.7,0.527,0.208,0.128,1.319,North America,2018,6465.502
Poland,42,6.123,1.176,,0.781,0.546,0.108,0.064,1.448,Europe,2018,37921.585
Bahrain,43,6.105,1.338,,0.698,0.594,0.243,0.123,1.366,Asia,2018,1569.440
Uzbekistan,44,6.096,0.719,,0.605,0.724,0.328,0.259,1.584,Asia,2018,32476.232
Kuwait,45,6.083,1.474,,0.675,0.554,0.167,0.106,1.301,Asia,2018,4137.314
Thailand,46,6.072,1.016,,0.707,0.637,0.364,0.029,1.417,Asia,2018,69428.454
Italy,47,6,1.264,,0.946,0.281,0.137,0.028,1.501,Europe,2018,60627.291
Ecuador,48,5.973,0.889,,0.736,0.556,0.114,0.12,1.33,South America,2018,17084.359
Belize,49,5.956,0.807,,0.474,0.593,0.183,0.089,1.101,North America,2018,383.071
Lithuania,50,5.952,1.197,,0.716,0.35,0.026,0.006,1.527,Europe,2018,2801.270
Slovenia,51,5.948,1.219,,0.856,0.633,0.16,0.051,1.506,Europe,2018,2077.836
Romania,52,5.945,1.116,,0.726,0.528,0.088,0.001,1.219,Europe,2018,19506.110
Latvia,53,5.933,1.148,,0.671,0.363,0.092,0.066,1.454,Europe,2018,1928.461
Japan,54,5.915,1.294,,0.988,0.553,0.079,0.15,1.462,Asia,2018,127202.190
Mauritius,55,5.891,1.09,,0.684,0.584,0.245,0.05,1.387,Africa,2018,1267.184
Jamaica,56,5.89,0.819,,0.693,0.575,0.096,0.031,1.493,North America,2018,2934.853
South Korea,57,5.875,1.266,,0.955,0.244,0.175,0.051,1.204,Asia,2018,25549.606
North Cyprus,58,5.835,1.229,,0.909,0.495,0.179,0.154,1.211,Europe,2018,1189.262
Russia,59,5.81,1.151,,0.599,0.399,0.065,0.025,1.479,Asia,2018,145734.034
Kazakhstan,60,5.79,1.143,,0.631,0.454,0.148,0.121,1.516,Asia,2018,18319.616
Cyprus,61,5.762,1.229,,0.909,0.423,0.202,0.035,1.191,Europe,2018,1189.265
Bolivia,62,5.752,0.751,,0.508,0.606,0.141,0.054,1.223,South America,2018,11353.140
Estonia,63,5.739,1.2,,0.737,0.553,0.086,0.174,1.532,Europe,2018,1322.913
Paraguay,64,5.681,0.835,,0.615,0.541,0.162,0.074,1.522,South America,2018,6956.069
Peru,65,5.663,0.934,,0.674,0.53,0.092,0.034,1.249,South America,2018,31989.265
Kosovo,66,5.662,0.855,,0.578,0.448,0.274,0.023,1.23,Europe,2018,1617
Moldova,67,5.64,0.657,,0.62,0.232,0.171,0,1.301,Europe,2018,4051.950
Turkmenistan,68,5.636,1.016,,0.517,0.417,0.199,0.037,1.533,Asia,2018,5850.902
Hungary,69,5.62,1.171,,0.732,0.259,0.061,0.022,1.401,Europe,2018,9707.502
Libya,70,5.566,0.985,,0.553,0.496,0.116,0.148,1.35,Africa,2018,6678.565
Philippines,71,5.524,0.775,,0.513,0.643,0.12,0.105,1.312,Asia,2018,106651.394
Honduras,72,5.504,0.62,,0.622,0.459,0.197,0.074,1.205,North America,2018,9587.523
Belarus,73,5.483,1.039,,0.7,0.307,0.101,0.154,1.498,Europe,2018,9452.615
Turkey,74,5.483,1.148,,0.686,0.324,0.106,0.109,1.38,Asia,2018,82340.090
Pakistan,75,5.472,0.652,,0.424,0.334,0.216,0.113,0.81,Asia,2018,212228.288
Hong Kong,76,5.43,1.405,,1.03,0.524,0.246,0.291,1.29,Asia,2018,7371.728
Portugal,77,5.41,1.188,,0.884,0.562,0.055,0.017,1.429,Europe,2018,10256.192
Serbia,78,5.398,0.975,,0.685,0.288,0.134,0.043,1.369,Europe,2018,8802.741
Greece,79,5.358,1.154,,0.879,0.131,0,0.044,1.202,Europe,2018,10522.244
Lebanon,80,5.358,0.965,,0.785,0.503,0.214,0.136,1.179,Asia,2018,6859.408
Montenegro,81,5.347,1.017,,0.729,0.259,0.111,0.081,1.279,Europe,2018,627.803
Croatia,82,5.321,1.115,,0.737,0.38,0.12,0.039,1.161,Europe,2018,4156.407
Dominican Republic,83,5.302,0.982,,0.614,0.578,0.12,0.106,1.441,North America,2018,10627.147
Algeria,84,5.295,0.979,,0.687,0.077,0.055,0.135,1.154,Africa,2018,42228.415
Morocco,85,5.254,0.779,,0.669,0.46,0.026,0.074,0.797,Africa,2018,36029.089
China,86,5.246,0.989,,0.799,0.597,0.029,0.103,1.142,Asia,2018,1427647.789
Azerbaijan,87,5.201,1.024,,0.603,0.43,0.031,0.176,1.161,Europe,2018,9949.537
Tajikistan,88,5.199,0.474,,0.598,0.292,0.187,0.034,1.166,Asia,2018,9100.847
Macedonia,89,5.185,0.959,,0.691,0.394,0.173,0.052,1.239,Europe,2018,2082.957
Jordan,90,5.161,0.822,,0.645,0.468,0.13,0.134,1.265,Asia,2018,9965.322
Nigeria,91,5.155,0.689,,0.048,0.462,0.201,0.032,1.172,Africa,2018,195874.685
Kyrgyzstan,92,5.131,0.53,,0.594,0.54,0.281,0.035,1.416,Asia,2018,6304.025
Bosnia and Herzegovina,93,5.129,0.915,,0.758,0.28,0.216,0,1.078,Europe,2018,3323.929
Mongolia,94,5.125,0.914,,0.575,0.395,0.253,0.032,1.517,Asia,2018,3170.214
Vietnam,95,5.103,0.715,,0.702,0.618,0.177,0.079,1.365,Asia,2018,95545.959
Indonesia,96,5.093,0.899,,0.522,0.538,0.484,0.018,1.215,Asia,2018,267670.549
Bhutan,97,5.082,0.796,,0.527,0.541,0.364,0.171,1.335,Asia,2018,754.396
Somalia,98,4.982,0,,0.115,0.674,0.238,0.282,0.712,Africa,2018,15008.225
Cameroon,99,4.975,0.535,,0.182,0.454,0.183,0.043,0.891,Africa,2018,25216.261
Bulgaria,100,4.933,1.054,,0.712,0.359,0.064,0.009,1.515,Europe,2018,7051.610
Nepal,101,4.88,0.425,,0.539,0.526,0.302,0.078,1.228,Asia,2018,28095.712
Venezuela,102,4.806,0.996,,0.657,0.133,0.056,0.052,1.469,South America,2018,28887.117
Gabon,103,4.758,1.036,,0.404,0.356,0.032,0.052,1.164,Africa,2018,2119.275
Palestine,104,4.743,0.642,,0.602,0.266,0.086,0.076,1.217,Asia,2018,4862.978
South Africa,105,4.724,0.94,,0.33,0.516,0.103,0.056,1.41,Africa,2018,57792.520
Iran,106,4.707,1.059,,0.691,0.459,0.282,0.129,0.771,Asia,2018,81800.204
Ivory Coast,107,4.671,0.541,,0.08,0.467,0.146,0.103,0.872,Africa,2018,25069.226
Ghana,108,4.657,0.592,,0.337,0.499,0.212,0.029,0.896,Africa,2018,29767.108
Senegal,109,4.631,0.429,,0.433,0.406,0.138,0.082,1.117,Africa,2018,15854.324
Laos,110,4.623,0.72,,0.441,0.626,0.23,0.174,1.034,Asia,2018,7061.498
Tunisia,111,4.592,0.9,,0.69,0.271,0.04,0.063,0.906,Africa,2018,11565.203
Albania,112,4.586,0.916,,0.79,0.419,0.149,0.032,0.817,Europe,2018,2882.735
Sierra Leone,113,4.571,0.256,,0,0.355,0.238,0.053,0.813,Africa,2018,7650.149
Congo (Brazzaville),114,4.559,0.682,,0.343,0.514,0.091,0.077,0.811,Africa,2018,5244.363
Bangladesh,115,4.5,0.532,,0.579,0.58,0.153,0.144,0.85,Asia,2018,161376.713
Sri Lanka,116,4.471,0.918,,0.672,0.585,0.307,0.05,1.314,Asia,2018,21228.760
Iraq,117,4.456,1.01,,0.536,0.304,0.148,0.095,0.971,Asia,2018,38433.604
Mali,118,4.447,0.37,,0.152,0.367,0.139,0.056,1.233,Africa,2018,19077.755
Namibia,119,4.441,0.874,,0.365,0.519,0.051,0.064,1.281,Africa,2018,2448.300
Cambodia,120,4.433,0.549,,0.457,0.696,0.256,0.065,1.088,Asia,2018,16249.795
Burkina Faso,121,4.424,0.314,,0.254,0.312,0.175,0.128,1.097,Africa,2018,19751.466
Egypt,122,4.419,0.885,,0.553,0.312,0.092,0.107,1.025,Africa,2018,98423.602
Mozambique,123,4.417,0.198,,0.173,0.531,0.206,0.158,0.902,Africa,2018,29496.009
Kenya,124,4.41,0.493,,0.454,0.504,0.352,0.055,1.048,Africa,2018,51392.570
Zambia,125,4.377,0.562,,0.295,0.503,0.221,0.082,1.047,Africa,2018,17351.714
Mauritania,126,4.356,0.557,,0.292,0.129,0.134,0.093,1.245,Africa,2018,4403.312
Ethiopia,127,4.35,0.308,,0.391,0.452,0.22,0.146,0.95,Africa,2018,109224.410
Georgia,128,4.34,0.853,,0.643,0.375,0.038,0.215,0.592,Europe,2018,4002.946
Armenia,129,4.321,0.816,,0.666,0.26,0.077,0.028,0.99,Europe,2018,2951.741
Myanmar,130,4.308,0.682,,0.429,0.58,0.598,0.178,1.174,Asia,2018,53708.318
Chad,131,4.301,0.358,,0.053,0.189,0.181,0.06,0.907,Africa,2018,15477.727
Congo (Kinshasa),132,4.245,0.069,,0.204,0.312,0.197,0.052,1.136,Africa,2018,84068.092
India,133,4.19,0.721,,0.485,0.539,0.172,0.093,0.747,Asia,2018,1352642.283
Niger,134,4.166,0.131,,0.221,0.39,0.175,0.099,0.867,Africa,2018,22442.831
Uganda,135,4.161,0.322,,0.237,0.45,0.259,0.061,1.09,Africa,2018,42729.032
Benin,136,4.141,0.378,,0.24,0.44,0.163,0.067,0.372,Africa,2018,11485.035
Sudan,137,4.139,0.605,,0.312,0.016,0.134,0.082,1.24,Africa,2018,41801.532
Ukraine,138,4.103,0.793,,0.609,0.163,0.187,0.011,1.413,Europe,2018,44246.158
Togo,139,3.999,0.259,,0.253,0.434,0.158,0.101,0.474,Africa,2018,7889.095
Guinea,140,3.964,0.344,,0.211,0.394,0.185,0.094,0.792,Africa,2018,12414.292
Lesotho,141,3.808,0.472,,0.079,0.423,0.116,0.112,1.215,Africa,2018,2108.327
Angola,142,3.795,0.73,,0.269,0,0.079,0.061,1.125,Africa,2018,30809.787
Madagascar,143,3.774,0.262,,0.402,0.221,0.155,0.049,0.908,Africa,2018,26262.313
Zimbabwe,144,3.692,0.357,,0.248,0.406,0.132,0.099,1.094,Africa,2018,14438.812
Afghanistan,145,3.632,0.332,,0.255,0.085,0.191,0.036,0.537,Asia,2018,37171.922
Botswana,146,3.59,1.017,,0.417,0.557,0.042,0.092,1.174,Africa,2018,2254.067
Malawi,147,3.587,0.186,,0.306,0.531,0.21,0.08,0.541,Africa,2018,18143.215
Haiti,148,3.582,0.315,,0.289,0.025,0.392,0.104,0.714,North America,2018,11123.183
Liberia,149,3.495,0.076,,0.267,0.419,0.206,0.03,0.858,Africa,2018,4818.976
Syria,150,3.462,0.689,,0.539,0.088,0.376,0.144,0.382,Asia,2018,16945.062
Rwanda,151,3.408,0.332,,0.4,0.636,0.2,0.444,0.896,Africa,2018,12301.969
Yemen,152,3.355,0.442,,0.343,0.244,0.083,0.064,1.073,Asia,2018,28498.683
Tanzania,153,3.303,0.455,,0.381,0.481,0.27,0.097,0.991,Africa,2018,56313.444
South Sudan,154,3.254,0.337,,0.177,0.112,0.224,0.106,0.608,Africa,2018,10975.924
Central African Republic,155,3.083,0.024,,0.01,0.305,0.218,0.038,0,Africa,2018,4666.375
Burundi,156,2.905,0.091,,0.145,0.065,0.149,0.076,0.627,Africa,2018,11175.379
Finland,1,7.769,1.34,,0.986,0.596,0.153,0.393,1.587,Europe,2019,5532.159
Denmark,2,7.6,1.383,,0.996,0.592,0.252,0.41,1.573,Europe,2019,5771.877
Norway,3,7.554,1.488,,1.028,0.603,0.271,0.341,1.582,Europe,2019,5378.859
Iceland,4,7.494,1.38,,1.026,0.591,0.354,0.118,1.624,Europe,2019,339.037
Netherlands,5,7.488,1.396,,0.999,0.557,0.322,0.298,1.522,Europe,2019,17097.123
Switzerland,6,7.48,1.452,,1.052,0.572,0.263,0.343,1.526,Europe,2019,8591.361
Sweden,7,7.343,1.387,,1.009,0.574,0.267,0.373,1.487,Europe,2019,10036.391
New Zealand,8,7.307,1.303,,1.026,0.585,0.33,0.38,1.557,Oceania,2019,4783.062
Canada,9,7.278,1.365,,1.039,0.584,0.285,0.308,1.505,North America,2019,37411.038
Austria,10,7.246,1.376,,1.016,0.532,0.244,0.226,1.475,Europe,2019,8955.108
Australia,11,7.228,1.372,,1.036,0.557,0.332,0.29,1.548,Oceania,2019,25203.200
Costa Rica,12,7.167,1.034,,0.963,0.558,0.144,0.093,1.441,North America,2019,5047.561
Israel,13,7.139,1.276,,1.029,0.371,0.261,0.082,1.455,Asia,2019,8519.373
Luxembourg,14,7.09,1.609,,1.012,0.526,0.194,0.316,1.479,Europe,2019,615.730
United Kingdom,15,7.054,1.333,,0.996,0.45,0.348,0.278,1.538,Europe,2019,67530.161
Ireland,16,7.021,1.499,,0.999,0.516,0.298,0.31,1.553,Europe,2019,4882.498
Germany,17,6.985,1.373,,0.987,0.495,0.261,0.265,1.454,Europe,2019,83517.046
Belgium,18,6.923,1.356,,0.986,0.473,0.16,0.21,1.504,Europe,2019,11539.326
United States,19,6.892,1.433,,0.874,0.454,0.28,0.128,1.457,North America,2019,329064.917
Czech Republic,20,6.852,1.269,,0.92,0.457,0.046,0.036,1.487,Europe,2019,10689.213
United Arab Emirates,21,6.825,1.503,,0.825,0.598,0.262,0.182,1.31,Asia,2019,9770.526
Malta,22,6.726,1.3,,0.999,0.564,0.375,0.151,1.52,Europe,2019,440.377
Mexico,23,6.595,1.07,,0.861,0.433,0.074,0.073,1.323,North America,2019,127575.529
France,24,6.592,1.324,,1.045,0.436,0.111,0.183,1.472,Europe,2019,65129.731
Taiwan,25,6.446,1.368,,0.914,0.351,0.242,0.097,1.43,Asia,2019,23773.881
Chile,26,6.444,1.159,,0.92,0.357,0.187,0.056,1.369,South America,2019,18952.035
Guatemala,27,6.436,0.8,,0.746,0.535,0.175,0.078,1.269,North America,2019,17581.476
Saudi Arabia,28,6.375,1.403,,0.795,0.439,0.08,0.132,1.357,Asia,2019,34268.529
Qatar,29,6.374,1.684,,0.871,0.555,0.22,0.167,1.313,Asia,2019,2832.071
Spain,30,6.354,1.286,,1.062,0.362,0.153,0.079,1.484,Europe,2019,46736.782
Panama,31,6.321,1.149,,0.91,0.516,0.109,0.054,1.442,North America,2019,4246.440
Brazil,32,6.3,1.004,,0.802,0.39,0.099,0.086,1.439,South America,2019,211049.519
Uruguay,33,6.293,1.124,,0.891,0.523,0.127,0.15,1.465,South America,2019,3461.731
Singapore,34,6.262,1.572,,1.141,0.556,0.271,0.453,1.463,Asia,2019,5804.343
El Salvador,35,6.253,0.794,,0.789,0.43,0.093,0.074,1.242,North America,2019,6453.550
Italy,36,6.223,1.294,,1.039,0.231,0.158,0.03,1.488,Europe,2019,60550.092
Bahrain,37,6.199,1.362,,0.871,0.536,0.255,0.11,1.368,Asia,2019,1641.164
Slovakia,38,6.198,1.246,,0.881,0.334,0.121,0.014,1.504,Europe,2019,5457.012
Trinidad and Tobago,39,6.192,1.231,,0.713,0.489,0.185,0.016,1.477,North America,2019,1394.969
Poland,40,6.182,1.206,,0.884,0.483,0.117,0.05,1.438,Europe,2019,37887.771
Uzbekistan,41,6.174,0.745,,0.756,0.631,0.322,0.24,1.529,Asia,2019,32981.715
Lithuania,42,6.149,1.238,,0.818,0.291,0.043,0.042,1.515,Europe,2019,2759.631
Colombia,43,6.125,0.985,,0.841,0.47,0.099,0.034,1.41,South America,2019,50339.443
Slovenia,44,6.118,1.258,,0.953,0.564,0.144,0.057,1.523,Europe,2019,2078.654
Nicaragua,45,6.105,0.694,,0.835,0.435,0.2,0.127,1.325,North America,2019,6545.503
Kosovo,46,6.1,0.882,,0.758,0.489,0.262,0.006,1.232,Europe,2019,1617
Argentina,47,6.086,1.092,,0.881,0.471,0.066,0.05,1.432,South America,2019,44780.675
Romania,48,6.07,1.162,,0.825,0.462,0.083,0.005,1.232,Europe,2019,19364.558
North Cyprus,49,6.046,1.263,,1.042,0.406,0.19,0.041,1.223,Europe,2019,1198.574
Ecuador,50,6.028,0.912,,0.868,0.498,0.126,0.087,1.312,South America,2019,17373.657
Kuwait,51,6.021,1.5,,0.808,0.493,0.142,0.097,1.319,Asia,2019,4207.077
Thailand,52,6.008,1.05,,0.828,0.557,0.359,0.028,1.409,Asia,2019,69625.581
Latvia,53,5.94,1.187,,0.812,0.264,0.075,0.064,1.465,Europe,2019,1906.740
South Korea,54,5.895,1.301,,1.036,0.159,0.175,0.056,1.219,Asia,2019,25666.158
Estonia,55,5.893,1.237,,0.874,0.495,0.103,0.161,1.528,Europe,2019,1325.649
Jamaica,56,5.89,0.831,,0.831,0.49,0.107,0.028,1.478,North America,2019,2948.277
Mauritius,57,5.888,1.12,,0.798,0.498,0.215,0.06,1.402,Africa,2019,1269.670
Japan,58,5.886,1.327,,1.088,0.445,0.069,0.14,1.419,Asia,2019,126860.299
Honduras,59,5.86,0.642,,0.828,0.507,0.246,0.078,1.236,North America,2019,9746.115
Kazakhstan,60,5.809,1.173,,0.729,0.41,0.146,0.096,1.508,Asia,2019,18551.428
Bolivia,61,5.779,0.776,,0.706,0.511,0.137,0.064,1.209,South America,2019,11513.102
Hungary,62,5.758,1.201,,0.828,0.199,0.081,0.02,1.41,Europe,2019,9684.680
Paraguay,63,5.743,0.855,,0.777,0.514,0.184,0.08,1.475,South America,2019,7044.639
Cyprus,64,5.718,1.263,,1.042,0.417,0.191,0.162,1.252,Europe,2019,1198.575
Peru,65,5.697,0.96,,0.854,0.455,0.083,0.027,1.274,South America,2019,32510.462
Portugal,66,5.693,1.221,,0.999,0.508,0.047,0.025,1.431,Europe,2019,10226.178
Pakistan,67,5.653,0.677,,0.535,0.313,0.22,0.098,0.886,Asia,2019,216565.317
Russia,68,5.648,1.183,,0.726,0.334,0.082,0.031,1.452,Asia,2019,145872.260
Philippines,69,5.631,0.807,,0.657,0.558,0.117,0.107,1.293,Asia,2019,108116.622
Serbia,70,5.603,1.004,,0.854,0.282,0.137,0.039,1.383,Europe,2019,8772.228
Moldova,71,5.529,0.685,,0.739,0.245,0.181,0,1.328,Europe,2019,4043.258
Libya,72,5.525,1.044,,0.673,0.416,0.133,0.152,1.303,Africa,2019,6777.453
Montenegro,73,5.523,1.051,,0.871,0.197,0.142,0.08,1.361,Europe,2019,627.988
Tajikistan,74,5.467,0.493,,0.718,0.389,0.23,0.144,1.098,Asia,2019,9321.023
Croatia,75,5.432,1.155,,0.914,0.296,0.119,0.022,1.266,Europe,2019,4130.299
Hong Kong,76,5.43,1.438,,1.122,0.44,0.258,0.287,1.277,Asia,2019,7436.157
Dominican Republic,77,5.425,1.015,,0.779,0.497,0.113,0.101,1.401,North America,2019,10738.957
Bosnia and Herzegovina,78,5.386,0.945,,0.845,0.212,0.263,0.006,1.212,Europe,2019,3300.998
Turkey,79,5.373,1.183,,0.808,0.195,0.083,0.106,1.36,Asia,2019,83429.607
Malaysia,80,5.339,1.221,,0.828,0.508,0.26,0.024,1.171,Asia,2019,31949.789
Belarus,81,5.323,1.067,,0.789,0.235,0.094,0.142,1.465,Europe,2019,9452.409
Greece,82,5.287,1.181,,0.999,0.067,0,0.034,1.156,Europe,2019,10473.452
Mongolia,83,5.285,0.948,,0.667,0.317,0.235,0.038,1.531,Asia,2019,3225.166
Macedonia,84,5.274,0.983,,0.838,0.345,0.185,0.034,1.294,Europe,2019,2083.458
Nigeria,85,5.265,0.696,,0.245,0.426,0.215,0.041,1.111,Africa,2019,200963.603
Kyrgyzstan,86,5.261,0.551,,0.723,0.508,0.3,0.023,1.438,Asia,2019,6415.851
Turkmenistan,87,5.247,1.052,,0.657,0.394,0.244,0.028,1.538,Asia,2019,5942.094
Algeria,88,5.211,1.002,,0.785,0.086,0.073,0.114,1.16,Africa,2019,43053.054
Morocco,89,5.208,0.801,,0.782,0.418,0.036,0.076,0.782,Africa,2019,36471.766
Azerbaijan,90,5.208,1.043,,0.769,0.351,0.035,0.182,1.147,Europe,2019,10047.719
Lebanon,91,5.197,0.987,,0.815,0.216,0.166,0.027,1.224,Asia,2019,6855.709
Indonesia,92,5.192,0.931,,0.66,0.491,0.498,0.028,1.203,Asia,2019,270625.567
China,93,5.191,1.029,,0.893,0.521,0.058,0.1,1.125,Asia,2019,1433783.692
Vietnam,94,5.175,0.741,,0.851,0.543,0.147,0.073,1.346,Asia,2019,96462.108
Bhutan,95,5.082,0.813,,0.604,0.457,0.37,0.167,1.321,Asia,2019,763.094
Cameroon,96,5.044,0.549,,0.331,0.381,0.187,0.037,0.91,Africa,2019,25876.387
Bulgaria,97,5.011,1.092,,0.815,0.311,0.081,0.004,1.513,Europe,2019,7000.117
Ghana,98,4.996,0.611,,0.486,0.381,0.245,0.04,0.868,Africa,2019,30417.858
Ivory Coast,99,4.944,0.569,,0.232,0.352,0.154,0.09,0.808,Africa,2019,25716.554
Nepal,100,4.913,0.446,,0.677,0.439,0.285,0.089,1.226,Asia,2019,28608.715
Jordan,101,4.906,0.837,,0.815,0.383,0.11,0.13,1.225,Asia,2019,10101.697
Benin,102,4.883,0.393,,0.397,0.349,0.175,0.082,0.437,Africa,2019,11801.151
Congo (Brazzaville),103,4.812,0.673,,0.508,0.372,0.105,0.093,0.799,Africa,2019,5380.504
Gabon,104,4.799,1.057,,0.571,0.295,0.043,0.055,1.183,Africa,2019,2172.578
Laos,105,4.796,0.764,,0.551,0.547,0.266,0.164,1.03,Asia,2019,7169.456
South Africa,106,4.722,0.96,,0.469,0.389,0.13,0.055,1.351,Africa,2019,58558.267
Albania,107,4.719,0.947,,0.874,0.383,0.178,0.027,0.848,Europe,2019,2880.913
Venezuela,108,4.707,0.96,,0.805,0.154,0.064,0.047,1.427,South America,2019,28515.829
Cambodia,109,4.7,0.574,,0.637,0.609,0.232,0.062,1.122,Asia,2019,16486.542
Palestine,110,4.696,0.657,,0.672,0.225,0.103,0.066,1.247,Asia,2019,4981.422
Senegal,111,4.681,0.45,,0.571,0.292,0.153,0.072,1.134,Africa,2019,16296.362
Somalia,112,4.668,0,,0.268,0.559,0.243,0.27,0.698,Africa,2019,15442.906
Namibia,113,4.639,0.879,,0.477,0.401,0.07,0.056,1.313,Africa,2019,2494.524
Niger,114,4.628,0.138,,0.366,0.318,0.188,0.102,0.774,Africa,2019,23310.719
Burkina Faso,115,4.587,0.331,,0.38,0.255,0.177,0.113,1.056,Africa,2019,20321.383
Armenia,116,4.559,0.85,,0.815,0.283,0.095,0.064,1.055,Europe,2019,2957.728
Iran,117,4.548,1.1,,0.785,0.305,0.27,0.125,0.842,Asia,2019,82913.893
Guinea,118,4.534,0.38,,0.375,0.332,0.207,0.086,0.829,Africa,2019,12771.246
Georgia,119,4.519,0.886,,0.752,0.346,0.043,0.164,0.666,Europe,2019,3996.762
Gambia,120,4.516,0.308,,0.428,0.382,0.269,0.167,0.939,Africa,2019,2347.696
Kenya,121,4.509,0.512,,0.581,0.431,0.372,0.053,0.983,Africa,2019,52573.967
Mauritania,122,4.49,0.57,,0.489,0.066,0.106,0.088,1.167,Africa,2019,4525.698
Mozambique,123,4.466,0.204,,0.39,0.494,0.197,0.138,0.986,Africa,2019,30366.043
Tunisia,124,4.461,0.921,,0.815,0.167,0.059,0.055,1,Africa,2019,11694.721
Bangladesh,125,4.456,0.562,,0.723,0.527,0.166,0.143,0.928,Asia,2019,163046.173
Iraq,126,4.437,1.043,,0.574,0.241,0.148,0.089,0.98,Asia,2019,39309.789
Congo (Kinshasa),127,4.418,0.094,,0.357,0.269,0.212,0.053,1.125,Africa,2019,86790.568
Mali,128,4.39,0.385,,0.308,0.327,0.153,0.052,1.105,Africa,2019,19658.023
Sierra Leone,129,4.374,0.268,,0.242,0.309,0.252,0.045,0.841,Africa,2019,7813.207
Sri Lanka,130,4.366,0.949,,0.831,0.47,0.244,0.047,1.265,Asia,2019,21323.734
Myanmar,131,4.36,0.71,,0.555,0.525,0.566,0.172,1.181,Asia,2019,54045.422
Chad,132,4.35,0.35,,0.192,0.174,0.198,0.078,0.766,Africa,2019,15946.882
Ukraine,133,4.332,0.82,,0.739,0.178,0.187,0.01,1.39,Europe,2019,43993.643
Ethiopia,134,4.286,0.336,,0.532,0.344,0.209,0.1,1.033,Africa,2019,112078.727
Swaziland,135,4.212,0.811,,0,0.313,0.074,0.135,1.149,Africa,2019,1148.133
Uganda,136,4.189,0.332,,0.443,0.356,0.252,0.06,1.069,Africa,2019,44269.587
Egypt,137,4.166,0.913,,0.644,0.241,0.076,0.067,1.039,Africa,2019,100388.076
Zambia,138,4.107,0.578,,0.426,0.431,0.247,0.087,1.058,Africa,2019,17861.034
Togo,139,4.085,0.275,,0.41,0.293,0.177,0.085,0.572,Africa,2019,8082.359
India,140,4.015,0.755,,0.588,0.498,0.2,0.085,0.765,Asia,2019,1366417.756
Liberia,141,3.975,0.073,,0.443,0.37,0.233,0.033,0.922,Africa,2019,4937.374
Comoros,142,3.973,0.274,,0.505,0.142,0.275,0.078,0.757,Africa,2019,850.891
Madagascar,143,3.933,0.274,,0.555,0.148,0.169,0.041,0.916,Africa,2019,26969.306
Lesotho,144,3.802,0.489,,0.168,0.359,0.107,0.093,1.169,Africa,2019,2125.267
Burundi,145,3.775,0.046,,0.38,0.22,0.176,0.18,0.447,Africa,2019,11530.577
Zimbabwe,146,3.663,0.366,,0.433,0.361,0.151,0.089,1.114,Africa,2019,14645.473
Haiti,147,3.597,0.323,,0.449,0.026,0.419,0.11,0.688,North America,2019,11263.079
Botswana,148,3.488,1.041,,0.538,0.455,0.025,0.1,1.145,Africa,2019,2303.703
Syria,149,3.462,0.619,,0.44,0.013,0.331,0.141,0.378,Asia,2019,17070.132
Malawi,150,3.41,0.191,,0.495,0.443,0.218,0.089,0.56,Africa,2019,18628.749
Yemen,151,3.38,0.287,,0.463,0.143,0.108,0.077,1.163,Asia,2019,29161.922
Rwanda,152,3.334,0.359,,0.614,0.555,0.217,0.411,0.711,Africa,2019,12626.938
Tanzania,153,3.231,0.476,,0.499,0.417,0.276,0.147,0.885,Africa,2019,58005.461
Afghanistan,154,3.203,0.35,,0.361,0,0.158,0.025,0.517,Asia,2019,38041.757
Central African Republic,155,3.083,0.026,,0.105,0.225,0.235,0.035,0,Africa,2019,4745.179
South Sudan,156,2.853,0.306,,0.295,0.01,0.202,0.091,0.575,Africa,2019,11062.114